-- phpMyAdmin SQL Dump
-- version 5.1.1
-- https://www.phpmyadmin.net/
--
-- Host: 127.0.0.1
-- Waktu pembuatan: 08 Des 2021 pada 01.15
-- Versi server: 10.4.21-MariaDB
-- Versi PHP: 7.3.31

SET SQL_MODE = "NO_AUTO_VALUE_ON_ZERO";
START TRANSACTION;
SET time_zone = "+00:00";


/*!40101 SET @OLD_CHARACTER_SET_CLIENT=@@CHARACTER_SET_CLIENT */;
/*!40101 SET @OLD_CHARACTER_SET_RESULTS=@@CHARACTER_SET_RESULTS */;
/*!40101 SET @OLD_COLLATION_CONNECTION=@@COLLATION_CONNECTION */;
/*!40101 SET NAMES utf8mb4 */;

--
-- Database: `tokoonline1`
--

-- --------------------------------------------------------

--
-- Struktur dari tabel `flashsale`
--

CREATE TABLE `flashsale` (
  `id_brg` int(11) NOT NULL,
  `nama_brg` varchar(50) NOT NULL,
  `keterangan` text NOT NULL,
  `kategori` varchar(50) NOT NULL,
  `harga` int(15) NOT NULL,
  `stok` int(11) NOT NULL,
  `gambar_brg` text NOT NULL,
  `waktu_mulai` date NOT NULL,
  `waktu_berakhir` date NOT NULL
) ENGINE=InnoDB DEFAULT CHARSET=utf8mb4;

--
-- Dumping data untuk tabel `flashsale`
--

INSERT INTO `flashsale` (`id_brg`, `nama_brg`, `keterangan`, `kategori`, `harga`, `stok`, `gambar_brg`, `waktu_mulai`, `waktu_berakhir`) VALUES
(8, 'eqweq', 'eqweq', 'Perikanan dan Kelautan', 0, 0, '12341.png', '0000-00-00', '0000-00-00');

-- --------------------------------------------------------

--
-- Struktur dari tabel `populer`
--

CREATE TABLE `populer` (
  `id_brg` int(12) NOT NULL,
  `nama_brg` varchar(123) NOT NULL,
  `keterangan` text NOT NULL,
  `kategori` varchar(123) NOT NULL,
  `harga` int(123) NOT NULL,
  `stok` int(123) NOT NULL,
  `gambar_brg` text NOT NULL
) ENGINE=InnoDB DEFAULT CHARSET=utf8mb4;

--
-- Dumping data untuk tabel `populer`
--

INSERT INTO `populer` (`id_brg`, `nama_brg`, `keterangan`, `kategori`, `harga`, `stok`, `gambar_brg`) VALUES
(3, 'werwr', 'ewrwr', 'Piskologi', 0, 0, 'BROMO2.jpg');

-- --------------------------------------------------------

--
-- Struktur dari tabel `tb_barang`
--

CREATE TABLE `tb_barang` (
  `id_brg` int(11) NOT NULL,
  `nama_brg` varchar(120) NOT NULL,
  `keterangan` text NOT NULL,
  `kategori` varchar(60) NOT NULL,
  `harga` int(11) NOT NULL,
  `stok` int(4) NOT NULL,
  `gambar_brg` text NOT NULL
) ENGINE=InnoDB DEFAULT CHARSET=utf8mb4;

--
-- Dumping data untuk tabel `tb_barang`
--

INSERT INTO `tb_barang` (`id_brg`, `nama_brg`, `keterangan`, `kategori`, `harga`, `stok`, `gambar_brg`) VALUES
(70, '#Salam Jari Tanpa Cincin Kumpulan Tulisan Inspiratif, Kisah Nyata dan Kiat Para Single Parents Indon', 'Buku #SalamJariTanpaCincin ini adalah kumpulan kisah-kisah nyata, kiat yang dituliskan oleh para single parents Indonesia, anggota dari SPINMOTION (Single Parents Indonesia in Motion), ditambah Kumpulan Tips single parenting #katanengrisma dan dilengkapi dengan Kumpulan Tulisan Inspiratif @singledadwrites di Vemale Dotcom.  Buku ini adalah buku perdana yang diterbitkan oleh SPINMOTION (Single Parents Indonesia in Motion) bekerjasama dengan para mitra sponsor, RRI Pro 1 FM Jogja, Vemale Dotcom dan penerbit buku Deepublish Publisher Jogja, serta Rumah Web sebagai mitra sponsor, serta donator lainnya yang tidak bisa disebutkan satu persatu.  Buku ini merupakan kumpulan dari karya perdana dari para single parents pendiri, pengurus dan anggota SPINMOTION (Single Parents Indonesia in Motion) yang semuanya adalah para single parents yang diakibatkan oleh perceraian.  Perceraian yang semakin hari terus semakin meningkat jumlahnya di Indonesia, dengan jumlah mencapai kurang lebih 1000 kasus perhari di seluruh pelosok negeri. Tidak terlalu mengherankan jika sedemikian banyaknya kasus perceraian di negeri ini, memunculkan berbagai versi dari banyak kisah yang terjadi.  Boleh jadi terdapat 1001 kisah yang tak akan habis untuk diceritakan untuk kepentingan berbagi pengalaman dan untuk menginspirasi setiap orang yang mendengar atau membacanya. Dan dengan tujuan berbagi dalam semangat solidaritas dan rasa empati inilah, para single parents menuliskan kisah mereka untuk sesama single parents di Indonesia dan juga untuk seluruh masyarakat pembaca pada umumnya.  Sebagai kelanjutan dari upaya untuk mensosialisasikan keberadaan SPINMOTION (Single Parents Indonesia in Motion) dan terus menyuarakan program – programnya juga sekaligus sebagai bentuk penguatan dan pemberdayaan (baca : empowerment) para anggotanya, maka disepakati bersama untuk menerbitkan buku berisi kumpulan kisah nyata, kiat single parenting dan beragam tulisan inspiratif lainnya. Terutama tulisan-tulisan inspiratif yang juga pernah diterbitkan di www.vemale.com, sebuah portal gaya hidup wanita di Indonesia yang memiliki banyak pembaca.', 'Umum', 97000, 100, '13.jpg'),
(71, '“ SUJCI ” Salahkah Ustad Jatuh Cinta', 'Sinopsis Novel “SUJCI” Salahkah Ustad Jatuh Cinta Novel “SUJCI” Salahkah Ustad Jatuh Cinta –  Tetesan embun pagi, menyelimuti dedaunan yang nampak basah, dihiasi bunga – bunga yang sedang bermekaran, yang menambah kecantikan alam semesta ini, dan di iringi dengan kicauan – kicauan burung yang sedang asik bermain. Waktu terus berjalan, memaksaku untuk selalu mengikuti langkahnya, pagi itu, merupakan hari pertamaku menikmati indahnya pagi di tempat aku mengabdi, ya, walau tak seindah pagi yang telah aku jalani bersama para sahabatku, ketika masih aktif menjadi komunitas sarungan (santri). Entah apa yang aku rasakan, karena saat itu banyak problem yang harus aku lakukan, berat rasanya untuk memulai, karena sebentar lagi aku akan mempersiapkan diri untuk pergi ke sekolah, tapi kali ini, berbeda dengan biasanya, karena biasanya aku pergi ke sekolah itu untuk belajar dan sekarang ini bukan soal belajar lagi, tapi soal mengajar, waduh gimana ya rasanya mengajar?  Novel ini berkisah tentang kehidupan seorang ustadz di pondok pesantren. Kisah dalam novel ini pun dituturkan dengan bahasa yang ringan, mengalir dan enak dibaca. Novel ini bisa dikatakan menarik untuk dibaca, mengapa demikian? Karena di dalamnya, mengisahkan seorang ustad yang mengabdi di sebuah pesantren yang jatuh cinta pada salah satu putri pengasuhnya, kok bisa ya? Bagaimana sih alur ceritaya? Biasanya ustad mengajarkan pada muridnya untuk tidak pacaran, terus bagaimana jika ustad itu sendiri yang sedang jatuh cinta, sanggupkah seorang ustad menjalankan cinta dalam diam? Salahkan juga jika ustad jatuh cinta? Yuk ikuti kisahnya…', 'Umum', 64000, 50, '21.jpg'),
(73, '“Injak”', 'Cerpen ini terdiri dari beberapa bab. Bab pertama berjudul tentang injak. Bab dua bercerita tentang visi baru. Bab tiga bercerita tentang teman dan guru. Bab empat berjudul tentang no debating. Bab lima bercerita tentang menyelamatkan muka.  Selanjutnya bab enam berjudul tentang kambuna. Bab tujuh bercerita tentang pulang kampong. Bab delapan bercerita tentang pengabdian di tepian sarang alang. Bab sembilan bercerita tentang botol dan semut madu. Dan bab sepuluh berjudul tentang true.  Cerpen pertama berjudul tentang Injak. Kelahiran ada sebuah fase dimana manusia mengalami hidup untuk menghirup udara dunia. Dalam perjalanan itu akan banyak mengalami perubahan-perubahan yang mengiringinya. Salah satunya seorang ibu yang bijaksana tentu akan menimang, membimbing, mengajari, mendidik, dan sebagainya. Yach pokoknya banyak sehingga salah satu yang dilakukan seorang ibu tentu akan mengajari anak untuk berjalan. Injak tanah nak, biar bisa kuat?,  pinta sang ibu kepada anaknya. Tentu saja sang ibu juga tidak serta merta melepaskan si anak di tanah tanpa melalui pembimbingan. Inilah yang sebenarnya dilakukan anak menginjak tanah karena memang itu nanti yang akan menjadikan langkahnya kelak. Dalam posisi seperti ini anak menginjak tanah mengalami proses untuk berkompetisi dengan dirinya sendiri. Selalu orang tua dan saudara yang membantu dengan demikian sang anak akan lebih terfokus pada keahliannya untuk berjalan kelak.', 'Umum', 65500, 100, '52.jpg'),
(74, '“Anakku Surgaku” Agar Anugerah Itu Tetap Terjaga', 'Sinopsis Buku Anakku Surgaku Agar Anugerah Itu Tetap Terjaga Buku Anakku Surgaku Agar Anugerah Itu Tetap Terjaga | Kehadiran sosok anak akan menjadi lebih bermakna jika para orang tua memahami lebih jauh lagi hakikat keberadaan mereka. Mereka hadir tidak hanya menjadi penerus keturunan, tidak hanya menjadi teman hidup, tidak hanya menjadi penyejuk mata dan jiwa. Yang harus para orang tua sadari adalah kehadiran anak sebagai penentu tempat kita di akhirat kelak, apakah surga atau neraka.  Mungkin terlalu menakutkan jika para orang tua berpikir seperti itu, terlebih di zaman sekarang. Namun justru hal tersebut telah menjadi ketetapan-Nya. Ketetapan dimana para orang tua akan dimintai pertanggung jawabannya kelak di akhirat tentang anak-anak mereka. Lalu, sudah sejauh mana kita mempersiapkannya?  Menjadi orang tua yang sempurna memang sulit, termasuk penulis selalu berusaha untuk melakukan yang terbaik untuk anak. Terkadang daya upaya pun tidak selalu berjalan mulus dan sesuai harapan. Menjadi orang tua memang sangat membutuhkan kesabaran, ilmu, keyakinan, kasih sayang, dan kesadaran. Semua hal tersebut dilakukan semata-mata untuk menjalankan perintah-Nya. Sehingga nantinya akan tercipta anak-anak shalih/ shalihah yang selalu berjalan dalam ketakwaan.  Hal tersebut juga yang membuat penulis sadar bahwa kehadiran anak di tengah keluarga juga sebagai bentuk kasih sayang Allah Swt pada para orang tua untuk sebanyak-banyaknya melakukan amal kebaikan dengan cara berinvestasi di akhirat melalui anak. Hal tersebut bisa digapai salah satunya dengan melakukan pengasuhan, bimbingan, tuntunan yang sebaik-baiknya pada anak kita. Sehingga setiap interaksi yang dilakukan antara orang tua dan anak akan selalu berkualitas.', 'Umum', 82000, 30, '31.jpg'),
(75, '1000 Hari Pertama Kehidupan', 'Untuk mencetak anak Indonesia yang sehat dan cerdas, langkah awal yang paling penting untuk dilakukan adalah pemenuhan gizi pada anak sejak dini, bahkan saat masih di dalam kandungan atau yang dikenal dengan 1000 Hari Pertama Kehidupan (1000 HPK). 1000 HPK dimulai sejak dari fase kehamilan (270 hari) hingga anak berusia 2 tahun (730 hari).  Seribu hari pertama kehidupan telah disepakati oleh para ahli di seluruh dunia sebagai saat yang terpenting dalam hidup seseorang. Sejak saat perkembangan janin di dalam kandungan, hingga ulang tahun yang kedua menentukan kesehatan dan kecerdasan seseorang. Makanan selama kehamilan dapat mempengaruhi fungsi memori, konsentrasi, pengambilan keputusan, intelektual, mood, dan emosi seorang anak di kemudian hari.  1000 Hari Pertama Kehidupan adalah hal yang sangat penting untuk di ketahui oleh berbagai pihak terutama bidan maupun calon bidan untuk menjalankan tugas profesinya dalam memberikan pelayanan kebidanan kepada ibu dan anak serta keluarga. Dalam memberikan pelayanan kebidanan dimasyarakat bidan sudah harus menguasai teori fisiologis dan patologi kehidupan manusia sejak daril lahir yang telah di tuangkan dan dijabarkan dalam buku 1000 Hari Pertama Kehidupan ini. Penulis berusaha menyajikan dengan bahasa yang sederhana serta contoh kasus 1000 Hari Pertama Kehidupan di beberapa bab agar mudah di mengerti oleh para pembaca terutama mahasiswa bidan, bidan yang sudah bekerja dan masyarakat umumnya.  Buku 1000 Hari Pertama Kehidupan ini terdiri dari 4 Bab. Pada Bab pertama dipaparkan mengenai konsep dasar kehamilan. Pada Bab 2 dan 3 dipaparkan mengenai kebutuhan nutrisi selama kehamilan dan asuhan 1000 hari pertama kehidupan. Pada Bab 4 dipaparkan mengenai bayi baru lahir.', 'Umum', 109500, 100, '71.jpg'),
(76, '17 Tuntunan Hidup Muslim', 'Hasil renungan setelah sholat Jumat di atas menggugah saya untuk mendalami dan menuangkan/menuliskan tujuh belas langkah tersebut.  Langkah pertama adalah mengumpulkan buku-buku pedoman dimulai dari Al-Qur’an, Hadist dan banyak buku-buku karangan para pemuka agama Islam yang selama ini telah kubeli dan tersusun di rumah dengan baik. Untuk menjawab dan menuangkannya asal dan siapa manusia, subhanallah ternyata ada dalam kitab suci Al-Qur’an asal muasal manusia sebagai berikut, Allah Swt berfirman:  “Bukankah telah datang atas manusia satu waktu dari masa, sedang dia ketika itu belum merupakan sesuatu yang dapat disebut?” (Q.s. Al-Insaan [76]:1).  Dari ayat di atas dapat dimengerti bahwa sebetulnya sebelum kelahiran manusia, manusia memang belum pernah ada. Itulah yang oleh ayat tersebut di atas disebut sebagai suatu masa yang seorang manusia ketika itu belum bisa disebut, tak berbentuk apapun.  Kemudian untuk menjawab apa dan siapa sebetulnya manusia, Al- Qur’an telah membukakan kita umat manusia sebagai berikut:  As-Sajdah ayat 7 Allah berfirman: “Yang membuat segala sesuatu yang Dia ciptakan sebaik-baiknya dan yang memulai penciptaan manusia dari tanah.” Dari ayat tersebut dapat diketahui bahwa awal mula manusia dicipta oleh Allah Swt. dengan sebaik-baiknya dan terbuat dari tanah.  Selanjutnya berdasarkan As Sajdah ayat 8 Allah Swt berfirman: ”Kemudian Dia menjadikan keturunannya dari saripati air yang hina (air mani)”.  Dari ayat-ayat Al-Qur’an tersebut dapat diketahui bahwa manusia pertama dicipta dengan sebaik-baiknya oleh Allah Swt, kemudian Allah menjadikan keturunannya dari saripati air yang hina yaitu air mani.', 'Umum', 162500, 28, '81.jpg'),
(77, '2 Arrayan Great Sesuatu untuk Dikenang', 'Bagi Ustadzah Yaya, anak-anak 2 Arrayan adalah amanah tak terhingga dari Allah dan orang tua. Anak-anak didiknya adalah agen perubahan yang memiliki banyak potensi yang belum tergali. Anak-anak yang bertemu dengannya hampir setiap hari selama setahun itu memiliki potensi positif untuk menjadi pribadi yang luar biasa.  Ustadzah Yaya yakin, di masa depan anak-anak 2 Arrayan akan menjadi orang yang bermanfaat bagi agama dan bangsa jika disertai “pengorbanan” guru, orang tua dan masyarakat dalam mendidik. Anak-anak tersebut harus diberikan peluang untuk membuktikan bahwa mereka adalah pribadi yang luar biasa.  Mengajar 2 Arrayan memberikan kesan tersendiri bagi Ustadzah Yaya. Kesan itu sedemikian terasa tatkala anak-anak didiknya melakukan hal positif. Mereka selalu bersemangat, misalnya saat mereka salat Dhuha bareng, setor hafalan bareng, atau sholat Dzhuhur berjamaah. Mereka mau tampil di depan kelas tanpa disuruh untuk menghibur satu sama lain dengan bercerita, baca puisi, menyanyi, memberi teka-teki dan lainnya.  “Tatkala saya sakit mereka selalu membuatkan karya-karya dan menyelipkan doa-doa di dalam karya mereka,” kenang Zah Yaya.  Satu hal lagi yang membuat saya terkesan adalah, di saat saya memotivasi mereka, mereka merasa “terbakar”. Tampak di wajah mereka aura kebahagiaan dan semangat. Mereka seolah-olah mau berkata ” Kami bisa dzah! Kami mau dzah! Kami beda dzah dan kami akan lakukan yang terbaik dzah!”.', 'Umum', 70500, 20, '101.jpg'),
(78, '20 Romansa Cinta', 'Hari itu, awan mendung menghias langit. Angin berembus manis membawa beberapa dedaunan dan debu berputar putar diudara. Aku duduk memeluk lutut dilorong lorong putih. Beberapa orang berlalu lalang di depanku. Mereka terkadang mengajakku bercakap. Namun, aku enggan membalas. Mereka hanya melakukan omong kosong. Bertanya apakah aku baik-baik saja. Aku sadar, sebagian dari mereka hanya ingin tahu masalahku, bukan membantuku bangkit dari keterpurukan. Semua itu hanya sesaat.  Hari itu, seorang yang sering memelukku dari belakang ketika aku sedang mencuci piring, seorang yang sengaja menyembunyikan beberapa lipstik merahku, seorang yang dengan lantang menyebutku bidadari yang kelak akan menemaninya di surga, pergi meninggalkanku membawa semua ungkapan manis itu. Tak ada yang menduga, benar. Bahkan aku sendiri, yang selalu diberikan kata-kata manis agar kami terus terikat.  Namanya, Firdaus Labib Alhusain. Parasnya, hanya aku yang pantas memujinya. Bagaimana ia tersenyum, bagaimana ia merajuk, bagaimana ia memasang wajah teduh menasihati. Semua itu menjadi milikku, setelah satu kalimat ia ucapkan dalam satu helaan nafas. Aku paham sekarang, kenapa orang tua Labib menamaninya seperti itu. Firdaus Labib Alhusain, anak laki-laki tampan yang akan selalu sehat dan akan menjadi penghuni surga dengan segala kebaikan.  Kala itu, Labib datang menemuiku. Ia menaungiku dalam hujan.  “Jangan bermain hujan!” serunya seraya menutupi kepalaku dengan tangan kekarnya. Beruntung ia lebih tinggi dariku.  Buku 20 Romansa Cinta karya Linda Aisya Listyana, dkk. ini merupakan salah satu wujud kontribusi anak bangsa terhadap perkembangan literasi Indonesia. Terutama dalam bidang sastra.  Berbagai nilai moral yang dikemas dalam bentuk kisah apik ini, diuraikan ke dalam 20 cerita pendek. Penyampaian cerita dibalut dengan bahasa yang mudah dipahami pembaca, sehingga baik pesan intrinsik maupun ekstrinsiknya akan mudah tersampaikan pula.', 'Umum', 83500, 50, '111.jpg'),
(79, '26 Filsuf Perdamaian', 'Berbicara mengenai perdamaian seperti sebuah fatamorgana di padang pasir yang gersang, menjadi harapan dan impian semua yang sedang berada di sana. Secara sederhana kata damai selalu diidentikkan dengan absennya konflik dan kekerasan. Akan tetapi, jauh dari itu damai yang positif menurut Johan Galtung adalah suasana aman, nyaman dan harmoni dalam kehidupan bermasyarakat. Galtung juga menyebutkan bahwa perdamaian dapat terlihat jika setiap individu dapat memaksimalkan potensi dirinya tanpa mendapatkan tekanan apapun. Oleh karena itu, damai yang positif akan terwujud apabila terpenuhi komponen keadilan pada semua pihak.  Perdamaian bukanlah hal yang harus diperjuangkan karena menikmati perdamaian itu sendiri seharusnya merupakan bagian dari hak setiap manusia. Sebagaimana konflik yang bisa diciptakan, perdamaian pun harus senantiasa dipastikan terbangun. Konstruksi sosial masyarakat memaksa kita tidak dapat dengan mudah memperoleh perdamaian tanpa upaya apapun. Dengan demikian keharusan Negara dan aparat pemerintah hadir untuk melindungi hak tersebut.  Indonesia, meski diakui warga dunia dengan kesuburan tanahnya, konflikpun pernah dan masih merambah. Seperti satu mata uang dengan dua sisi, kekayaan alam dan keanekaragaman kultural Indonesia selain menjadi anugerah juga membawa tantangan pada kohesifitas sosial. Namun memang benar, penyakit selalu diciptakan dengan obatnya. Begitu juga konflik yang dilahirkan oleh dinamika kehidupan sosial, dari sana pulalah kedamaian dapat ditumbuhkan.  Buku 26 “Filsuf Perdamaian” ini mengupas mengenai pemikiran-pemikiran dari para tokoh dengan berbagai latar belakang. Kedua puluh enam tokoh tersebut memberikan gambaran mengenai perjuangan mereka dalam menemukan perdamaian tidak hanya itu para tokoh juga mengungkapkan beragam ide dan konsep tentang bagaimana seharusnya perdamaian itu diciptakan.  Selanjutnya, buku ini menjadi penting dan relevan untuk dibaca oleh khalayak. Tidak hanya penstudi Damai dan Resolusi Konflik, namun siapapun yang peduli terhadap perdamaian dan isu-isu kemanusiaan.', 'Umum', 164000, 30, '121.jpg'),
(80, '3 Detik, Kau Musuhku!', 'Menjadi aku bukan pilihanku. Menjadi kamu pun bukan pilihan kamu. Hanya menjadi kita pilihan kita. Jauh sebelum langit menjadi gelap, aku sudah lebih dulu siap untuk tertimpa rintik berulang-ulang. Jauh sebelum bumi bergetar, aku juga sudah siaga berlari ke titik paling aman. Begitupun mendampingi kamu. Jauh sebelum namamu benar menjadi lawanku, aku juga siap ketika tatapanmu akhirnya menjadi musuhku. Membuatku melahirkan rindu dan membuatku lumpuh harus memutar rekam jejakmu.  Pagi itu pertama kalinya gadis itu memasuki sekolah SMP. Gadis berambut sepunggung itu bergerak cepat menuju kamar mandi. Orangtuanya pun tak kalah heboh dan maruknya mempersiapkan anak sulung mereka berangkat ke sekolah SMP terfavorit di daerahnya. Memakai baju sekolah SMP, gadis itu senyum-senyum sendiri di depan cermin. Lalu beranjak ke meja makan menyantap sarapan yang dimasak oleh ibunya. Sementara ayahnya yang begitu maruknya akan putri sulungnya terus saja merekam kegiatannya dihari pertama SMP menggunakan ponsel jadul yang dibuat di China.  Pada zaman itu, itu adalah handphone terkeren dengan lampu berkedip di sekitar batangannya dan speaker kuat yang siap menerobos gendang telinga. Ayah yang konyol. Aneh sekali. Namun ia menanggapi ayahnya dengan senyum dan terus tertawa. Bahkan saat memakai sepatu pun masih saja putrinya direkamnya. Ayah yang lucu. Namun, walaupun beliau terlihat lucu sebenarnya beliau begitu pemarah dan ambisius. Pria bertubuh tinggi besar itu akan marah apabila anak-anaknya tidak menuruti perintahnya. Beliau juga akan sangat mengamuk apabila gadis itu dan adiknya bertingkah tidak wajar melanggar hukum.  Ah, kembali pada inti cerita. Pria berkumis tebal itu lalu mengantarkan putri sulungnya ke sekolah negeri di daerahnya, Perdagangan. Sang ayah melepaskan putrinya dikerumunan anak baru yang diantar orangtua lain. Selepas mengantar, si ayah pulang dan gadis berambut sepunggung itu berjuang sendirian. Mencari teman dan mencari kelas sendirian.', 'Umum', 72000, 20, '141.jpg'),
(81, 'A Communication skill For Business', 'Buku ini berisi tentang A Communication Skill for Business yang ditulis oleh Kasto Munawiharto, M.Pd. dan Euis Nurmala, S.Pd. dari Politeknik Perdana Mandiri Purwakarta. Terdiri lebih dari 152 halaman. “This book is intended for students of Accounting, Computing and Information Technology, Management Business and also who concern in business. We prepare the graduates having good skills that can meet the Industrial qualifications. One of the qualifications that will be requested is English proficiency. The teaching sources of the English subject are compiled from some communicative English Books in order to follow the new trends of the English communication developments. We hope, the students are able to use the English language as means of communication. In relation to the objective, the writers hope that the handouts can help the students comprehend the English subject and can achieve the objectives successfully.”', 'Sosial, Politik & Hukum', 70000, 30, '4541.jpg'),
(82, 'Agama Agenda Demokrasi dan Perubahan Sosial', 'Wacana Islam dan demokrasi telah lama menjadi perbincangan, terutama, sejak munculnya era pencerahan yang dimulai dengan revolusi Perancis abad ke-17 disusul revolusi industri di Inggeris di abad yang sama. Islam yang disebut Barat berada di halaman belakangnya bukanlah entitas yang dianggap remeh. Islam yang mewujud dalam bentuk peradaban telah lama menjadi momok Barat dan juga menjadi “percontohan” bagi mereka dalam membangun peradabannya. Bernard Lewis dengan sangat terang-terangan menyebut peradaban Islam Arab sebagai transmitter bagi peradaban Barat. Umat Islam klasik menjadi penerjemah dan penghubung lahirnya peradaban Barat. Ini menunjukkan bahwa interaksi antara Islam dan Barat dalam sejarahnya selalu mengalami pasang surut dan riuh rendah. Dan dalam relasinya yang sangat dinamis itu melahirkan sikap saling memberi dan meminjam (take and give). Apa artinya? Barat telah banyak belajar dari peradaban Islam. Islam praksis dan ortodoksi telah memberikan pelbagai pengalaman baik dalam segi politik, bahasa, budaya, maupun pemikiran. Dalam interaksi inilah sikap saling belajar dan mengembangkan terjadi. Hanya saja, pengalaman Barat yang pahit dan kelam dalam relasi antara agama dan Negara mendorong lahirnya sekularisasi total. Negara tak mau lagi didikte dan dikungkung oleh gereja. Kekuasaan Negara sepenuhnya terpisah dan memiliki logikanya sendiri yang berbeda dengan logika gereja. Sejarah perceraian Negara dan gereja membawa implikasi-implikasi sosio-politik-ekonomi-budaya yang sangat dahsyat hingga sekarang. Bila kita lihat, Barat modern menampilkan segi-segi yang sangat hebat. Kebebasan berfikir banyak melahirkan kemajuan-kemajuan di bidang pendidikan, pemerintahan, arsitektur, kebudayaan, dan lain-lain. Semua itu lahir karena mereka mempercayai bahwa kebaikan tidak hanya milik agama-agama, tetapi juga milik semua tradisi yang tumbuh dari rasa etis kemanusiaan yang diberikan Tuhan kepada umat manusia. Meskipun keyakinan ini pada perkembangannya melahirkan krisis-krisis baru seperti peperangan, konflik-konflik antar ras dan antar agama, serta krisis lingkungan, namun peradaban Barat telah tampil dengan coraknya sendiri. Barat menjadi hegemoni sepanjang sejarah modern dan tengah diuji daya tahannya di masa-masa yang akan datang.', 'Sosial, Politik & Hukum', 90000, 30, '4561.jpg'),
(83, 'Analisis Kebijakan Publik', 'Perubahan sikap mental serta perilaku birokrasi yang dicintai, dipercaya, loyalitas pada rakyat, dan senantiasa mengutamakan kepentingan umum / masyarakat, masih harus terus diperjuangkan oleh penyelenggara pemerintah. Hal ini masih banyaknya pengaduan, rasa ketidakpuasan dan keterlambatan yang dikeluhkan oleh publik. Harapan dan hasrat untuk melahirkan birokrasi yang memiliki idealism menjadi tumpuan semua masyarakat Indonesia, upaya reformasi birokrasi terus diupayakan olem pemerintah, serta dukungan dari seluruh stakeholdernya, dapat terwujud dalam waktu yang tidak terlalu lama.', 'Sosial, Politik & Hukum', 91000, 100, '4621.jpg'),
(84, 'Analisis Problema dan Solusi Penegakan Hukum', 'Buku ini berjudul “Analisis Problema dan solusi Penegakan Hukum” (Seri Kompilasi Opini I). Buku ini merupakan lanjutan dari cetakan sebelumnya dengan penambahan beberapa tulisan yang dirasa relevan diketengahkan pada kesempatan ini namun tidak merubah substansinya. Buku ini merupakan kumpulan artikel opini penulisnya baik yang sudah terbit di media massa cetak Medan maupun yang belum sempat dikirimkan. Artikel opini ini bahan dasar pembuatannya adalah pemikiran subjektif penulisnya yang dipengaruhi oleh peristiwa-peristiwa hukum yang terjadi dalam praktek. Meskipun ada juga tulisan yang mengetengahkan spekulasi teoritis berdasarkan bangunan teori hukum yang tertuang dalam konsep pemikiran seperti makalah, paper seminar dan lain-lain, jumlahnya tidaklah banyak. Gambaran tentang bagaimana perkembangan pemikiran hukum dengan segenap masalahnya demikian kompleks baik dalam konteks lokal maupun perkembangan hukum di tingkat nasional hingga lahirnya ketentuan hukum positif yang mengatur beberapa masalah tertentu. Misalnya masalah (isu) hukum lingkungan, agraria, nelayan, pemberantasan korupsi, money laundering, terorisme, Hak Asasi Manusia (HAM) serta pemikiran hukum pidana reformatif dalam masalah kejahatan dan korban kejahatan. Beberapa tulisan juga menawarkan solusi alternatif pemecahan terhadap masalah hukum yang dibahas. Secara garis besar sajian dalam buku ini tersusun menjadi enam (6) bab tematis, masing-masing bab terjabarkan dalam sub-sub pokok bahasan sesuai tema yang menjadi tema besarnya. Enam (6) pokok bahasan besar (tematis) itu terdiri dari: (1) Problema Nelayan Dan Agraria; (2) Solusi Atas Sengketa Buruh Dan Lingkungan Hidup; (3) Pemberantasan KKN; (4) Perlindungan Korban Kejahatan; (5) Dimensi Kriminologis Berbagai Kejahatan; (6) Pemikiran Hukum Pidana Reformatif.', 'Sosial, Politik & Hukum', 150000, 100, '4631.jpg'),
(85, 'Antropologi Perdesaan dan Pembangunan Berkelanjutan', 'Berbeda dengan binatang, manusia dalam berinteraksi dengan lingkungan atau ekosistemnya dilandasi kuat oleh kebudayaan. Kebudayaan diperoleh manusia tidaklah diwariskan secara genetik, tetapi melalui proses belajar secara terus menerus selama hidupnya. Kebudayaan penduduk perdesaan adalah milik masyarakat, bukan milik individu. Kebudayaan oleh para pendukungnya digunaan dalam kehidupan sehari-hari, seperti diwujudkan dalamberbagai tindakan nyata sebagai warga masyarakat perdesaan, yang hanya mungkin dapat terjadi karena adanya berbagai pranata sosial yang dipunyai oleh masyarakat tersebut. Kebudayaan menjadi suatu kumpulan pedoman atau pegangan yang kegunaan operasional dalam manusia untuk mengadaptasikan diri terhadap lingkungannya1. Ditilik dari program dan pelaksanaan pembangunan di tanah air kita—walaupun selama 15 tahun, pemerintah Indonesia telah melaksanakan konsep pembangunan yang disebut “Tujuan Pembangunan Milenium PBB (TPM PBB)” atau UN Millennium Development Goals (UN MDG) dan sejak September 2015 hingga 15 tahun mendatang, negara kita juga telah mengadopsi program “Tujuan Pembangunan Berkelanjutan atau SDG (Sustainable Development Goals)” hingga 2030— namun hingga dewasa ini pembangunan tersebut cenderung masih tetap dominan mementingkan pada aspek ekonomi dan mengabaikan aspek sosial masyarakat dan aspek lingkungan hidup, serta cenderung bias pada pembangunan di perkotaan. Akibatnya, telah timbul berbagai kesenjangan antara desa dan kota, dalam hal pelayanan sosial, seperti kesehatan, pendidikan, pendapatan perkapita masyarakat dan lainnya. Padahal, secara umum penduduk Indonesia masih dominan di pedesaan. Demikian pula, sumber daya alam, baik sumber dayaalam terbaharukan, seperti tumbuhan dan binatang; serta sumber daya tidak terbaharukan, seperti minyak bumi, gas, tambang batu bara, mas, tembaga, timah dan lainnya ada di perdesaan. Oleh karena itu, berbagai program pembangunan di perdesaan Indonesia adalah sebuah keniscayaan. Orientasi pembangunan seyogianya tidak hanya ditekankan di kawasan perkotaan saja, tapi perlu menjaga keseimbangan dengan melakukan pula pembangunan di perdesaan secara sepadan. Pasalnya, ditilik dari prinsip ekologi, bahwa desa dan kota dapat dipandang sebagai suatu ekosistem. Kedua ekosistem tersebut senantiasa saling berhubungan secara timbal balik, dengan adanya arus materi, energi dan informasi secara terus menerus.', 'Sosial, Politik & Hukum', 114000, 50, '4661.jpg'),
(86, 'Arbitrase dan Alternatif Penyelesaian Sengketa di Luar Pengadilan', 'Sengketa atau konflik merupakan bagian dari proses interaksi antar manusia. Setiap individu atau pihak yang mengalami sengketa akan berusaha menyelesaikannya menurut cara-cara yang dipandang paling tepat. Secara dikotomi cara-cara penyelesaian sengketa yang dapat ditempuh itu meliputi dua kemungkinan, yaitu melalui penegakan hukum formal oleh lembaga peradilan (litigasi) atau proses diluar peradilan (non litigasi) yang mengarah pada pendekatan kompromi. Dalam undang-undang Nomor 30 Tahun 1999 tentang arbitrase dan altrenatif penyelesaian sengketa ini pula dikemukakan bahwa negara memberi kebebasan kepada masyarakat untuk menyelesaikan masalah sengketa bisnisnya di luar Pengadilan, baik dengan melalui konsultasi, mediasi, negoisasi, konsiliasi atau penilaian para ahli dan melalui adat setempat. Saya dengan penuh bersyukur menyambut baik buku yang memuat alternatif penyelesaian sengketa di luar pengdilan yang ditulis oleh saudara Rini Fitriani,S.H.,M.H, karena materi yang dibahasnya meliputi tata cara penyelesaian sengketa di luar pengadilan secara detail dan dengan dilengkapi berbagai peraturan perundang-undangan yang mendukung penyelesaian sengketa di luar pengadilan, mulai dari tata caranya sampai pelaksanaan penyelesaiannya. Apa yang terkandung dalam buku ini merupakan bahan yang sangat penting untuk dikaji dan dimaklumi, terutama untuk melengkapi buku bagi para pengasuh pendidikan terutama dalam bidang ilmu hukum. Untuk menyelesaikan sengketa di luar pengadilan ada beberapa cara yang bisa dipilih, antara lain yaitu melalui negosiasi, mediasi, dan arbitrase. Pranata penyelesaian sengketa alternative, termasuk didalamnya pranata Arbitrase di Indonesia saat ini telah diatur dalam suatu peraturan perundang-undangan tersendiri, yaitu Undang UndangNomor 30 tahun 1999 tentang Arbitrase dan Alternatif Penyelesaian Sengketa.', 'Sosial, Politik & Hukum', 110000, 100, '4681.jpg'),
(87, 'Aspek Hukum Perbankan Syariah dari Teori ke Praktik', 'Buku ajar yang berjudul: “Aspek Hukum Perbankan Syariah dari Teori ke Praktik” dengan baik sesuai dengan rencana. Penulisan buku ajar ini disusun berdasarkan hasil-hasil penelitian dan pengalaman penulis sebagai dosen pengampu mata kuliah Aspek Hukum Perbankan Syariah. Eksistensi perbankan syariah sebagai sebuah lembaga intermediasi tentu menghadapi dinamika yang begitu kompleks seperti hubungan bank syariah dengan nasabah dan stakeholdersnya, manajemen risiko dan pengawasan bank syariah. Suatu hal yang menarik adalah dengan diberlakukannya Undang-Undang RI No. 21 Tahun 2011 tentang Otoritas Jasa Keuangan (OJK), dimana tugas dan fungsi pengaturan dan pengawasan perbankan syariah beralih dari Bank Indonesia ke OJK. Memelajari eksistensi bank syariah dari sisi yuridis sangat menarik dan menurut hemat penulis, aspek hukum perbankan syariah penting untuk diketahui dan dipahami oleh berbagai kalangan yang meminati kajian ini termasuk mahasiswa hukum dan ekonomi sebagai calon praktisi atau pelaku ekonomi. Dr. Sukarmi, S.H., M.H. – Komisioner Komisi Pengawas Persaingan Usaha Republik Indonesia (KPPU) Buku ini menjelaskan baik secara teori maupun praktik dari Perbankan Syariah di Indonesia yang disertai dengan perbandingan dengan Negara lain. Dari isi bab yang disampaikan dalam buku ini sangat lengkap dan komprerhensif. Lebih detail lagi buku ini menggambarkan bagaimana kedudukan perbankan syariah dalam sistem hukum perbankan di Indonesia derngan penjelasan rinci tentang prinsip-prinsip perbankan syariah, bagaimana akad dalam perbankan syariah dan produk-produk syariah. Bahkan juga duijelaskan tentang Dewan Syariah Nasional Majelis Ulama Indonesia (DSN-MUI) beserta kekuatan hukum dari Fatwa DSN-MUI. Dari sisi praktik buku ini menggambarkan bagaimana akad dilaksanakan dalam praktiknya, risiko-risiko perbankan syariah, bagaimana jika ada sengketa proses penyelesaiannya sampai dengan tata kelola perbankan syariah yang sehat dan dinamis. Dari gambaran umum isi buku tersebut maka sangat cocok dan sangat membantu bagi mahasiswa baik S1, S2 dan S3 dalam memahami tentang Perbankan Syariah baik secara teoritis maupun praktik. Tidak hanya berhenti kalangan mahasiswa saja buku ini tentunya berguna dan bermanfaat bagi kalangan akademisi lain di luar Fakultas Hukum dan Syariah, namun juga bagi praktisi di lembaga perbankan beserta masyarakat.', 'Sosial, Politik & Hukum', 89000, 50, '4731.jpg'),
(88, 'Aspek Hukum Perdata di Indonesia', 'Hukum Perdata merupakan bagian dari hukum privat yang mengatur banyak hal terkait peristiwa-peristiwa dalam kehidupan sehari-hari. Masih banyak masyarakat yang tidak mengetahui bahwa peristiwa yang dialaminya merupakan peristiwa perdata, sehingga tidak mengetahui pula tindakan apa yang harus dilakukan. Mengikuti berbagai peristiwa yang terjadi dalam masyarakat saat ini, banyak orang yang tidak mengetahui bahwa peristiwa yang terjadi itu mungkin bagian dari peristiwa perdata. Perbuatan hukum dan atau peristiwa hukum perdata terjadi dalam kehidupan sehari-hari, namun tidak sedikit orang yang tidak memahami bagaimana seharusnya perbuatan itu dilakukan dan apa yang mereka dapatkan sebagai bentuk perlindungan hukum pada saat terjadi sengketa atas perbuatan atau peristiwa perdata tersebut. Sampai saat ini, Burgerlijk Wetboek yang diberlakukan berdasarkan asas konkordansi saat Indonesia masih dijajah Belanda, masih menjadi pedoman perdata walaupun telah banyak lahir peraturan perundang-undangan yang pada akhirnya menyingkirkan beberapa bagian dalam Burgerlijk Wetboek tersebut. LahirnyaUndang-Undang Nomor 1 Tahun 1974 tentang Perkawinan, Undang-Undang Nomor 5 Tahun 1960 Tentang Pokok-Pokok Agraria dan sebagainya menyebabkan Burgerlijk Wetboek menjadi tidak berlaku secara utuh dan bukan lagi sebagai kodifikasi hukum perdata di Indonesia. Namun demikian masih banyak ketentuan dalam Burgerlijk Wetboek yang sangat penting dan tetap menjadi pedoman atas berbagai peristiwa perdata yang terjadi dalam masyarakat. Di samping itu, perkembangan teknologi informasi yang terkait dengan hak keperdataan seseorang menjadi masalah baru yang harus diselesaikan dengan payung hukum perdata yang jelas. Saat ini Burgerlijk Wetboek belum cukup dan belum dapat menjadi solusinya, oleh karena itu di dalam buku ini akan diuraikan dengan jelas beberapa solusi yang dapat mengatasi masalah hukum perdata yang timbul dan atau berkaitan dengan teknologi informasi.', 'Sosial, Politik & Hukum', 65, 100, '4751.jpg'),
(89, 'Auditor dalam Perkara Korupsi di Indonesia Berbasis Nilai Keadilan', 'Buku ini berisikan tentang kewenangan Lembaga Negara untuk menilai dan/atau menetapkan kerugian negara dan untuk memberikan keterangan ahli dalam proses peradilan perkara korupsi di Indonesia berbasis nilai keadilan. Dalam buku ini akan terjawab Lembaga Negara manakah sebenarnya yang berwenang untuk menilai dan/atau menetapkan kerugian negara dalam perkara korupsi di Indonesia menurut perundang-undangan yang berlaku, karena dalam prakteknya penanganan perkara korupsi di Indonesia menggunakan tenaga auditor dan saksi ahli dari Badan Pengawasan Keuangan dan Pembangunan (BPKP) bukan dari Badan Pemeriksa Keuangan (BPK), padahal menurut UUD 1945 dan UU.RI. No. 15 Tahun 2006 Tentang Badan Pemeriksa Keuangan, kewenangan itu ada pada BPK bukan BPKP. Pada prakteknya penanganan perkara tindak pidana korupsi di Indonesia, baik yang dilakukan oleh Polri, Kejaksaan dan Komisi Pemberantasan Tindak Pidana Korupsi (KPK) untuk menentukan kerugian negara, ketiga institusi tersebut meminta auditor dan saksi ahli dari BPKP bukan dari BPK, padahal berdasarkan Undang-undang atau peraturan yang berlaku, yang berwenang untuk menilai dan/atau menetapkan kerugian negara dan untuk memberikan keterangan ahli dalam proses peradilan perkara korupsi adalah BPK, bukan BPKP. Keadaan tersebut telah menimbulkan perdebatan hukum di kalangan para ahli hukum pidana di Indonesia baik pada saat persidangan tindak pidana korupsi maupun dalam media massa.', 'Sosial, Politik & Hukum', 121000, 50, '4761.jpg'),
(90, 'Bauran Orientasi Strategi dan Kinerja Organisasi Penerapan Variabel Anteseden, Moderasi dan Mediasi', 'Buku ini ditulis berdasarkan hasil penelitian desertasi doktor serta penelitian hibah fundamental. Buku ini penulis susun selama lebih dari tiga tahun. Berbagai jurnal internasional penulis gunakan sebagai bahan referensi yang bertujuan untuk memperoleh gambaran secara menyeluruh dalam mengembangkan UKM, baik di negara maju maupun negara yang masih berkembang sehingga diperoleh dasar yang dapat dipertanggungjawabkan secara ilmiah. Sebagai orang awam, mungkin kita cukup asing dengan topik Bauran Orientasi Strategi ini. Apakah sebenarnya maksud dari topik tersebut? Apa saja yang dibahas dalam topik tersebut? Apa tujuan yang hendak dicapai dengan adanya topik tersebut? Berbagai pertanyaan seolah langsung bermunculan begitu kita membaca judul buku ini. Bauran orientasi strategi merupakan kombinasi strategi untuk menentukan arah guna meningkatkan kinerja atau mencapai kinerja perusahaan yang unggul. Oleh sebab itu, sebuah perusahaan atau organisasi sangat perlu untuk menyusun bauran orientasi strategi. Selain untuk meningkatkan kinerja perusahaan, penerapannya juga dapat meminimalkan kesulitan-kesulitan yang dapat terjadi sewaktu-waktu. Buku BAURAN ORIENTASI STRATEGI ini tidak hanya berisi hal-hal konsepsional dan teoretis semata, namun juga menyertakan sebuah riset yang mengkaji tentang hubungan antara bauran orientasi strategi dan kinerja organisasi. Hal tersebut menjadikan buku ini sebagai buku referensi yang sangat laik untuk dibaca oleh semua kalangan, baik yang terlibat di dalam perusahaan atau organisasi itu sendiri maupun yang sedang mendalami ilmu manajemen perusahaan atau organisasi.', 'Sosial, Politik & Hukum', 96500, 80, '4801.jpg'),
(91, 'Ekosistem dan Sumber Daya Alam Pesisir', 'Indonesia memiliki wilayah laut dan pesisir terpanjang, dengan sumber daya hayati (biodiversity) yang cukup tinggi, serta bahan tambang dan mineral. Kawasan pesisir Indonesia, sekarang dan mendatang menjadi pusat pertumbuhan baru serta tumpuan harapan bagi keberlanjutan pembangunan. Konsentrasi penduduk dalam pemanfaatan sumber daya alam telah bergeser dari wilayah daratan ke wilayah pesisir dan lautan. Hal ini terjadi karena, penduduk yang terus berkembang telah menimbulkan beban terhadap sumber daya alam di daratan. Penduduk, dengan berbagai aktivitasnya untuk memenuhi kebutuhan pangan serta aktivitas sosialnya telah meningkatkan pula laju pemanfaatan sumber daya alam dan lingkungannya. Pemanfaatan sumber daya alam yang tidak terkendali dapat mengancam kelangsungan ekosistem dan sumber daya yang mendukung kehidupan manusia dan pembangunan. Hutan mangrove, lamun dan terumbu karang adalah sumber daya laut dan pesisir. Ekosistem di pesisir ini saling terkait satu sama lain, bahkan dengan perilaku dan aktivitas manusia di dalamnya. Ekosistem mangrove, misalnya, merupakan tempat bertelur bagi jenis ikan, udang disamping sebagai penangkal atas endapan lumpur bagi ekosistem terumbu karang dan padang lamun. Sementara di ekosistem terumbu karang hidup berbagai jeins ikan serta biota laut lainnya yang dibutuhkan manusia. Karena itu kegiatan yang berakibat kerusakan atau perubahan atas salah satu ekosistem tersebut akan memberi dampak terhadap ekosistem lainnya. Aktivitas pemanfaatan sumber daya laut dan pesisir hendaknya dapat ditekan. Kegiatan penduduk dalam mengelola sumber daya alam perlu dibekali dengan karakter yang mampu mengendalikan pemanfaatan sumber daya alam pesisir.', 'Perikanan dan Kelautan', 82000, 20, '15032.jpg'),
(92, 'English for Port and Shipping management', 'The progress of port and shipping management studies is followed by the use of English. However, English teaching books for the students are very limited. As this concern, I try to collect some important materials so they can study English in a better way. This book can be used by anyone who deals with the major. The advantages of this book are having more interesting materials and evaluations, encouraging the learners to be more active in doing the activity, and providing many important vocabularies. I hope this book can be one of the English teaching books in marine campuses.', 'Perikanan dan Kelautan', 72500, 80, '1504.jpg'),
(93, 'Fenomena Perkembangan Bisnis Maskapai di Indonesia', 'Beberapa tahun belakangan ini dalam perkembangan dunia penerbangan bukan hanya pelayanan yang kurang baik, tetapi juga kita sering dibuat ngeri oleh banyaknya ancaman keselamatan dan keamanan dari dunia penerbangan kita. Ada berita pesawat salah landing dan menyebabkan kecelakaan kematian lebih dari 100 orang dalam sekejap, ada berita pesawat hilang yang beberapa bulan kemudian bangkai pesawat dan para penumpangnya ditemukan di dasar laut, ada berita roda pesawat tak keluar pada saat akan mendarat, ada berita pesawat jatuh yang kemudian membunuh begitu banyak orang, ada berita pesawat tergelincir, ada berita baling-baling pesawat jatuh saat baru take off, dan sebagainya. Sungguh semua itu sangat mengerikan, tetapi kerap kali kita terpaksa tetap menggunakannya karena seringkali dihadapkan pada situasi tak ada pilihan lain. Kehadiran buku ini patut disambut gembira karena di dalamnya memuat berbagai kiat atau memberikan dorongan agar dunia penerbangan kita bisa menjadi bisnis maskapai yang murah, nyaman, dan aman. Karenanya tentu buku ini akan bermanfaat bagi mereka yang ingin ikut dalam bisnis maskapai penerbangan maupun bagi mereka yang ingin memanfaatkan jasa penerbangan. ?', 'Perikanan dan Kelautan', 165500, 80, '1506.jpg'),
(94, 'Hama & Penyakit Ikan', 'Penyakit ikan adalah penyebab keadaan tidak normal pada ikan atau hewan inang yang disebabkan oleh organisme lain, virus atau kondisi lingkungan nutrisi baik secara langsung maupun tidak langsung. Gangguan terhadap ikan dapat disebabkan oleh faktor biotik yaitu faktor yang meliputi semua makhluk hidup, baik tumbuhan, hewan maupun mikroorganisme seperti jamur, bakteri dan alga. Gangguan dapat pula disebabkan oleh faktor abiotik yaitu faktor lingkungan seperti suhu, ph kondisi perairan serta faktor pakan atau nutrisi . Pada dasarnya kejadian sakit akan berlangsung ketika terjadi interaksi negatif antara faktor lingkungan, parasit dan ikan sebagai inang yaitu kondisi lingkungan buruk, parasit atau patogen yang hadir dalam jumlah besar dan inang dalam keadaan lemah. Dengan demikian timbulnya serangan penyakit ikan di kolam merupakan hasil interaksi yang tidak serasi antara ikan, kondisi lingkungan dengan organisme penyebab penyakit. Perkembangan dan tingkat serangan suatu penyakit dalam akuakultur sangat ditentukan pada pengendalian 3 faktor sebagaimana ditunjukkan pada Gambar 1. (Austin dan Austin, 1999). Ikan yang sakit akibat infeksi oleh organisme patogen dikatakan sebagai ikan terkena penyakit infeksi, demikian pula jika ikan sakit akibat defisiensi atau ketidakseimbangan nutrisi dapat dikatakan sebagai ikan terkena penyakit defisiensi nutrisi atau malnutrisi. Ikan merupakan sasaran atau inang dari penyakit. Ikan sehat memiliki kemampuan mempertahankan diri dari serangan berbagai penyakit dengan adanya mekanisme pertahanan diri. Kemampuan ikan mempertahankan diri dari serangan penyakit tergantung pada faktor internal ikan seperti kualitas ikan, umur, jenis kelamin dan faktor eksternal seperti asupan nutrisi, padat tebar, pola kultur dan faktor lingkungan lingkungan. Jika ikan stres atau kondisi lingkungan kurang menunjang, maka ikan akan mengalami penurunan derajad kesehatannya, sehingga menurunkan kemampuannya mempertahankan diri dari serangan penyakit.', 'Perikanan dan Kelautan', 103000, 20, '15091.jpg'),
(95, 'Ikhtiologi, Ikan dan Segala Aspek Kehidupannya', 'Ikhtiologi merupakan mata kuliah dasar yang wajib dan sebagai mata kuliah dalam Kurikulum Nasional Bidang Perikanan & Kelautan Menurut Forum Pimpinan Pendidikan Tinggi Perikanan & Kelautan Seluruh Indonesia. Mata kuliah ini membahas tentang ikan dan segala aspek kehidupannya. Selama penulis di masa mengikuti perkuliahan hingga sekarang ini, bacaan tentang ikhtiologi masih disajikan dalam cetakan berbentuk diktat sederhana yang terpisah antara ikhtiologi sistematika yang membahas tentang pengelompokan ikan dan ikhtiologi fungsional yang membahas tentang system-system organ tubuh ikan. Maksud utama penulis menyusun buku ikhtiologi ini adalah untuk memberikan bantuan kepada para mahasiswa, peneliti dan yang tertarik memahami ikan dan segala aspek kehidupannya dalam sebuah buku acuan berbahasa Indonesia dengan pembahasan lebih komfrehensif dan diharapkan dapat memperkaya pengetahuan di bidang ini, dimana beberapa catatan penting dari beberapa literature telah termasuk di dalamnya. Namun demikian untuk menambah wawasan khususnya para mahasiswa dianjurkan mencari literatur lainnya sebagai pelengkap secara aktif. Dalam garis besarnya buku Ikhtiologi ini terbagi atas 12 bab. Bab 1 berupa pendahuluan yang menjelaskan tentang ruang lingkup ikhtiologi, ikan dan kanekaragaman habitatnya, bab 2 menjelaskan tentang ikhtiologi dan perkembangan studinya, sejarah, pentingnya ilmu ikhtiologi, dan sistem penamaan ikan; bab 3 menjelaskan tentang pengelompokan utama ikan yang disertai dengan gambar- gambar beberapa ikan yang umum ditemukan di Indonesia; bab 4 sampai dengan bab 12 berturut-turut menguraikan tentang sistem integumen, sistem otot (urat daging), sistem rangka, sistem pernapasan, sistem pencernaan, sistem peredaran darah, sistem integrasi, sistem urogenital, dan sistem reproduksi. Sejatinya ikan merupakan hewan yang sangat menakjubkan. Betapa tidak, ia mampu hidup pada semua tipe perairan dari gunung sampai pada kedalaman ribuan kilometer di bawah laut. Variasi habitat yang luas menjadi faktor yang memaksa ikan untuk mampu beradaptasi dengan kondisi lingkungan perairan setempat, sehingga ikan pun beragam dalam bentuk tubuh, serta perilaku biologis dan fisiologisnya.', 'Perikanan dan Kelautan', 115500, 80, '15111.jpg'),
(96, 'Karang Lunak Anthozoa: Octocorallia', 'Buku ini terdiri dari beberapa bab, bab pertama pendahuluan, bab kedua sistematika dan taksonomi, bab ketiga morfologi dan anatomi, bab keempat distribusi dan habitat, bab kelima reproduksi dan perkembangan, bab keenam pertumbuhan, bab ketujuh nutrisi, bab kedelapan budidaya dan transplantasi dan bab terakhir bahan alam dari karang lunak. Karang lunak dari Subkelas Octocorallia adalah salah komponen penyusun terumbu karang di banyak tempat di dunia, baik pada perairan dangkal maupun perairan dalam di daerah tropis, subtropis, bahkan di sekitar kutub. Salah satu peran ekologi karang lunak Octocorallia adalah sebagai sumber makanan beberapa jenis biota laut, seperti beberapa ikan (misalnya: Famili Chaetodontidae), moluska (misalnya: gastropoda Ovula ovum); peran ekologi yang kedua adalah sebagai mikrohabitat beberapa hewan bentik, seperti kelompok hewan bintang mengular (Kelas Ophiruidea), teripang kecil (Kelas Holothuridea), cacing Annelida dan Platyhelminthes, kuda laut, dan beberapa hewan bentik lainnya; Peran ekologi yang ketiga adalah sebagai tempat berlindung beberapa kelompok hewan tertentu, karena beberapa karang lunak Octocorallia memiliki struktur morfologi yang kompleks, dan memiliki celah-celah yang dapat dimasuki oleh hewan bentik maupun nekton untuk berlindung; Peran ekologi yang keempat adalah penyumbang sedimen kalsium karbonat pada berbagai ekosistem laut, karena keberadaan spikula dan/atau skleritnya yang merupakan endoskleton-nya; Peran ekologi yang terakhir adalah sebagai komponen yang berperan dalam siklus karbon di laut, karena keberadaan endoskleton-nya yang mengandung kalsium karbonat (CaCO3), yang ketika CO2 tinggi di perairan maka kalsium karbonat tersebut akan hancur dan menjadi sumber karbon di laut, sedangkan nilai ekonomi karang lunak sampai saat ini hanya ditujukan kepada pencarian novel substances yang terkandung di dalam tubuh karang lunak Octocorallia atau yang mungkin terdapat pada mikrosimbionnya.', 'Perikanan dan Kelautan', 110000, 80, '15151.jpg'),
(97, 'Larva Avertebrata Dasar Laut: Ekologi dan Tingkah Laku Larva', 'Larva laut adalah salah satu fase awal dalam siklus hidup biota laut yang berukuran sangat kecil yang sulit dilihat secara makro, yang begitu sensitive terhadap perubahan-perubahan lingkungan, namun sukses melewati fase ini akan menentukan kehidupan biota, bahkan populasi dan ekosistem laut. Larva laut ini pun memiliki keunikan tidak hanya ukuran, warna, bentuk, bahkan waktu perkembangan yang bervariasi, tetapi juga kebiasaan dan cara makan, serta response terhadap lingkungan khususnya terhadap kondisi oseanografi, sehingga fase larva adalah sangat berbeda dengan induk mereka. Melihat ukurannya yang kecil membuat kehidupan awal ini menjadi tidak banyak perhatian. Kesuksesan melewati kehidupan awal memberikan arti yang sangat penting, tidak hanya bagi kelangsungan ekosistem laut, tetapi akan bermanfaat secara tidak langsung bagi manusia', 'Perikanan dan Kelautan', 94500, 80, '15211.jpg');
INSERT INTO `tb_barang` (`id_brg`, `nama_brg`, `keterangan`, `kategori`, `harga`, `stok`, `gambar_brg`) VALUES
(98, 'Lingkungan Perairan dan Produktivitas', 'Buku Lingkungan Perairan dan Produktivitasnya ini adalah menjadi bagian dari buku-buku tentang ekosistem perairan yaitu untuk memberi informasi mengenai produktivitas perairan beserta faktor-faktor yang terkait di dalamnya. Tulisan ini juga dapat dijadikan sebagai rujukan dalam mengembangkan pengelolaan ekosistem perairan yang lebih optimal serta terintegrasi dengan bentang alamnya. Ruang lingkup pembahasan dalam tulisan ini mencakup gambaran umum perairan,konsep produktivitas,produktivitas laut dan pesisir, produktivitas perairan darat, pengukuran produktivitas; dan efek produktivitas dan solusinya.Perairan menempati ruang ± 75 persen dari luasan total permukaan bumi, sedangkan sisanya adalah daratan. Luasan tersebut menggambarkan bahwa perairan memiliki peran penting dalam kelangsungan hidup seluruh mahluk hidup di muka bumi. Misalnya menjadi habitat hidup bagi beberapa organisme air seperti biota perikanan; ikan, udang, moluska, alga, lamun, terumbu karang dan beberapa jenis mamalia. Di samping itu perairan juga menopang kelangsungan hidup yang terdapat di wilayah daratan. Misalnya sebagai sumberdaya yang langsung dimanfaatkan seperti air bersih yang fungsinya tidak bisa disubstitusikan. Salah satu hal penting dalam ekosistem ialah produktivitas primer. Secara umum produktivitas primer diartikan sebagai kemampuan tumbuhan hijau daun mengikat energi matahari dan merubahnya menjadi energy kimia. Berbeda dengan produktivitas di daratan yang faktor pembatasnya temperatur dan kelembaban, sebaliknya secara umum pada ekosistem perairan ketersediaan unsur hara menjadi faktor pembatas. Karena pelaku utama sebagai produser pada ekosistem perairan ialah fitoplankton. Dan ketersediaan unsur hara yang memadai menjadi kondisi utama bagi keberadaan fitoplankton. Kajian tentang produktivitas perairan telah banyak dilakukan selama beberapa tahun. Kajian ini melengkapi tema lain yaitu masalah air sebagai sumberdaya. Kajian mengenai air sebagai sumberdaya menekankan pada aspek kegunaan air untuk kebutuhan domestik, industri, dan pertanian serta rekreasi. Sebaliknya kajian mengenai produktivitas perairan menekankan pada aspek ekologisnya yang mencakup aliran energi dan siklus materi dalam jejaring rantai makanan.', 'Perikanan dan Kelautan', 106000, 20, '15231.jpg'),
(99, 'Marine Safety', 'The Maritime English Program Marine Safety is one of the subject that book by the student in Akademi Maritime “DJADAJAT” Jakarta, of maritime for Marine Safety with the ability and capability of the students to communicate and make conversation in English. Both oral and writing, as the objectives.English is very useful and important, especially for candidates to perform the Sea Project (PROLA) on board foreign vessel.', 'Perikanan dan Kelautan', 70000, 80, '15241.jpg'),
(100, 'Mewujudkan Poros Maritim Dunia', 'Buku ini terdiri dari beberapa bab. bab pertama berisi pendahuluan, bab dua berisi tinjauan pustaka, bab tiga membahas tentang metodologi, bab empat membahas tentang analisa hasil, dan bab tarkhir adalah bab lima berisi penutup. Indonesia merupakan negara kepulauan yang sebagian besar wilayahnya berupa lautan. Oleh karena itu, penggunaan kapal untuk berbagai keperluan seperti transportasi, logistik dan juga angkatan laut tidak dapat dihindarkan. Seiring dengan arus globalisasi dan kemajuan teknologi yang berkembang, maka industri perkapalan dalam negeri memegang peranan yang sangat penting untuk kelancaran interaksi antar wilayah dan mewujudkan Indonesia sebagai poros maritim dunia seperti yang disampaikan oleh Presiden Joko Widodo pada Summit East Asian Nations 2014 dimana industri perkapalan menjadi salah satu pilar prioritas. Umumnya industri perkapalan mengembangkan pembangunan kapal kayu untuk nelayan dan kapal baja (logam) untuk keperluan transportasi, logistik dan juga angkatan laut. Penggunaan kayu untuk pembuatan kapal bagi nelayan pada masa depan akan menemui kesulitan dalam memperoleh bahan baku karena keterbatasan kualitas maupun kuantitas serta kemudahan memperolehnya seperti sekarang ini. Material komposit sesungguhnya adalah material gabungan yang terdiri dari dua material yang berbeda. Adanya keunggulan dan kelebihan bahan ini dapat dimengerti karena komposit memang dibentuk dari dua atau lebih jenis bahan tertentu agar diperoleh suatu bahan baru dengan sifat-sifat yang lebih baik dan menguntungkan. Aplikasi dan pemanfaatan komposit tidak saja diterapkan pada satelit, pesawat terbang, dan pesawat luar angkasa namun karena ringan dan kuatnya, dipasang pula pada berbagai kendaraan transportasi di darat dan di laut, mulai dari sepeda, mobil, mobil balap, mobil tenaga surya sampai kereta api.', 'Perikanan dan Kelautan', 86000, 50, '15271.jpg'),
(101, 'Agama dan Pecandu Narkoba: Etnografi Terapi Metode Inabah', 'Permasalahan narkoba saat ini semakin merajalela, penyebarannya telah menjadi musuh utama agama dan negara. tidak hanya menjadi konsumsi orang-orang yang berduit seperti selebritas dan konglomerat, ia telah pula dikonsumsi oleh gelandangan dan anak jalanan. Produk dari narkoba yang semakin bervariasi sangat memudahkan bagi orang-orang yang lemah imannya untuk mengonsumsinya. Para remaja yang salah gaul, karena alasan pergaulan atau karena ingin coba-coba akhirnya terjatuh ke dalam jeratan narkoba. Penyalahgunaan Narkoba adalah satu hal yang harus kita cermati, kenapa mereka mengonsumsinya? Ada banyak jawaban tentunya. Beberapa pecandu narkoba awalnya hanya coba-coba kemudian akhirnya ketagihan dan tidak bisa lepas darinya. Pengguna lainnya menggunakan narkoba untuk menghilangkan stress karena beban hidup yang terlalu berat, semantara sebagian lainnya ingin bersenang-senang dan merasa happy dengan keadaanya. Berbagai alasan penggunaan narkoba sejatinya adalah karena mereka jauh dari tuntutan agama. Sebagai sebuah pedoman hidup agama memberikan petunjuk bagaimana menghadapi kehidupan, tidak hanya diwaktu senang namun ketika waktu susah agama memberikan jalan untuk mengatasinya. Para pecandu narkoba adalah mereka yang merasa bahwa agama tidak bisa menyelesaikan problem yang mereka hadapi sehingga narkoba menjadi solusinya. Islam sebagai agama yang paripurna telah memberikan kaidah-kaidah lengkap sebagai pedoman bagi kehidupan umat manusia. Ia adalah solusi bagi problematika yang dihadapi oleh manusia. Sehingga ketika seseorang dihadapkan pada suatu permasalahan Islam hadir memberikan harapan dan jalan keluar. Permasalahannya adalah tidak semua manusia memahami hal ini sehingga mereka tidak kembali kepada Islam ketika ditimpa ujian. Islam menjadi agama bagi penangkal penyalahgunaan narkoba. Dalil-dalil dari Al-Qur?an dan As-Sunnah secara jelas mengharamkan hal-hal yang dapat merusak akal manusia. Bahkan salah satu dari maqashid asy-syariah (tujuan syariat Islam) adalah menjaga akal manusia dari segala hal yang dapat merusaknya. Narkoba adalah dzat yang merusak akal manusia sehingga Islam mengharamkannya. Memakainya, menjualnya dan melakukan transaksi padanya. Tidak ada satu umat Islam pun yang menhalalkannya, sehingga ia telah menjadi ijma? kesepakatan seluruh umat Islam mengenai haramnya narkoba.', 'Agama', 84000, 20, '18071.jpg'),
(102, 'Akhlak Keagamaan Kelas XI', 'Penerbitan buku ini berdasarkan pada Kurikulum 13 yang bertujuan untuk mengembangkan potensi peserta didik agar menjadi manusia yang beriman dan bertakwa kepada Tuhan Yang Maha Esa, berakhlak mulia, sehat, berilmu, cakap, kreatif, mandiri, dan menjadi warga negara yang demokratis serta bertanggung jawab. Mata pelajaran Akhlak di Madrasah Aliyah Program Ilmu-Ilmu Keagamaan bertujuan untuk mewujudkan manusia Indonesia yang berakhlak mulia dan menghindari akhlak tercela dalam kehidupan sehari-hari baik dalam kehidupan individu maupun sosial serta meningkatkan kemampuan pemahaman, penghayatan, dan pengamalan peserta didik tentang tasawuf sehingga menjadi muslim yang penuh tanggung jawab dan bijaksana dalam kehidupan pribadi, masyarakat, berbangsa, dan bernegara', 'Agama', 122500, 20, '18081.jpg'),
(103, 'Al-Hisbah Al-Islamiyah : Sistem Pengawasan Pasar dalam Islam', 'Suatu ketika Rasulullah Shalallahu Alaihi Wassalam berangkat ke pasar untuk suatu keperluan. Ketika sudah sampai di pasar beliau melihat ada sesuatu yang tidak beres tengah terjadi, khususnya dengan seorang pedagang kurma. Kemudian beliau mendatanginya dan memasukan tanganya ke dalam tumpukan buah kurma yang dijual oleh pedagang tersebut. beliau mendapati bahwa kualitas kurma yang ada di bagian atas berbeda dengan yang ada di bagian bawah. Kurma yang berada di bagian atas memiliki kualitas yang bagus sedangkan yang ada di bagian bawah sebaliknya. Mendapati hal ini kemudian Rasulullah menasihati pedagang tersebut agar tidak melakukan hal tersebut. karena hal ini bertentangan dengan nilai-nilai Islam yang menjunjung tinggi nilai-nilai kejujuran dalam berdagang. Berdasarkan persitiwa tersebut dapat dipahami bahwa adanya praktik-praktik dagang yang bertentangan dengan nilai-nilai Islam harus dihapuskan, karena akan memunculkan kedzaliman khususnya bagi para pembeli. Pembeli akan tertipu dengan perdagangan tersebut sehingga asas jual beli dalam Islam yaitu an taradhin (saling ridah) tidak tercapai. Kedudukan Nabi sebagai seorang penguasa saat itu adalah sebagai seorang pengawas pasar yang bertanggung jawab terhadap penyimpangan dalam perdagangan. Beliau tidak hanya menasihatinya namun juga memberikan arahan-arahan bagaimana seharusnya berdagang. Posisi Nabi pada masa-masa berikutnya dikenal dengan istilah lembaga Hisbah yaitu lembaga yang bertugas untuk menegakan amar maruf nahi mungkar. Konsep awal Al-Hisbah sebagai lembaga penegak amar ma’ruf nahi mungkar tercermin dari berbagai tugas dan tangguung jawab yang dibebankan padanya. Setiap kemungkaran yang terjadi di masyarakat muslim maka akan dibenahi dan ditindak oleh lembaga hisbah. Guna mengukuhkan posisinya ia berada di bawah wewenang kepala negara yang akan memutuskan setiap penyimpangan yang terjadi di masyarakat. Perjalanan sejarah berikutnya mengantarkan lembaga Hisbah sebagai lembaga yang menangani setiap penyimpangan di masyarakat. Saat ini khususnya di Indonesia lembaga tersebut telah menjelma ke dalam berbagai lembaga yang mengkhususkan diri pada bidang-bidang tertentu.', 'Agama', 74500, 50, '18091.jpg'),
(104, 'Al-Islam Studi Hadits Tarbawi', 'Buku ini adalah hand out yang tepat untuk perkuliahan al islam studi hadits khusus mahasiswa fakultas keguruan dan ilmu pendidikan. Buku ini sangat dianjurkan karena menjelaskan konsep-konsep pendidikan yang dicontohkan oleh Rasul melalui hadits.', 'Agama', 72000, 100, '18111.jpg'),
(105, 'Al-Syiqaq dalam Putusan Perkawinan di Pengadilan Agama Tanah Luwu', 'Kawin cerai yang terjadi dalam kehidupan masyarakat dewasa ini sudah menjadi bagian dari bumbu bumbu berita murahan, baik yang diberitakan di surat kabar, televisi, internet maupun yang tidak terdeteksi oleh media dan minat masyarakat untuk membaca berita tersebut sangat digemari khususnya yang berkaitan infotainment. Kemajuan teknologi informasi dan komunikasi yang tidak dibarengi oleh adanya kesadaran akan pentingnya ketahanan keluarga, akan muncul peluang retaknya rumah tangga dan merupakan suatu ancaman. Begitu juga dengan gencarnya tayangan infotainment di media elektronik yang mengumbar konflik rumah tangga bisa menjadi pemicu retaknya sendi-sendi kehidupan keluarga atau terjadinya perceraian. Dalam Islam, perkawinan merupakan ikatan yang sangat suci, sakral dan dapat memperkokoh antar pasangan anak manusia, laki-laki dan perempuan yang diharapkan akan mampu menjalin sebuah ikatan lahir batin antara suami istri sebagai modal untuk menciptakan rumah tangga dan terwujudnya keluarga sakinah mawaddah wa rahmah yaitu keluarga bahagia dan diridhai Allah Swt. Kelanggengan dan eratnya sebuah pernikahan merupakan harapan dan idaman yang sangat diidamkan oleh setiap manusia, khususnya pasangan suami istri itu sendiri. Akan tetapi, tujuan mulia dalam melestarikan dan menjaga kebersamaan hidup dalam rumah tangga ternyata bukanlah perkara yang mudah untuk dilaksanakan. Hal ini terbukti dengan banyaknya mahligai perkawinan yang tidak dapat diwujudkan dengan baik, disebabkan oleh banyaknya duri dan cobaan dalam rumah tangga. Ibarat sebuah perahu ketika berlayar di tengah lautan, banyaknya ombak yang besar, hujan, panas dan cobaan-cobaan lain, mereka semua akan selamat di dalam perahunya ketika kuat dalam menghadapi cobaan tersebut dan itupun memungkinkan terjadi dalam rumah tangga tersebut.', 'Agama', 84000, 80, '18121.jpg'),
(106, 'Aspek ‘Mastery’ Keterampilan Vokasi di Madrasah Aliyah Jakarta', 'Islam telah mengajarkan agar manusia bekerja keras dan tidak membuang waktu sia-sia. Manusia memiliki hak untuk hidup dan kemajuan dalam kehidupannya. Tidak hanya untuk para pelajar, para pendidik pun sebagai pelaksana kurikulum harus memiliki pengalaman yang kuat dan luas sehingga mampu menjadi tenaga pendidik yang benar-benar menstimulus dan mempersiapkan siswanya untuk menjadi tenaga kerja atau pemberi lapangan kerja yang handal. Untuk itu kreativitas guru dalam mengembangkan kecakapan hidup dalam setting kelas sesuai dengan kebutuhan peserta didik akan life skills sangat diperlukan. Secara alamiah, dalam mempertahankan proses kelangsungan hidupnya manusia membutuhkan pekerjaan. Berusaha atau bekerja adalah bagian yang tak terpisahkan dari ajaran Islam. Sebagai agama yang menyeluruh (sh?mil), tidaklah lengkap keislaman seseorang tanpa adanya pekerjaan yang menghasilkan keuntungan finansial untuk mencukupi kebutuhan diri dan juga keluarga, baik itu sebagai pekerjaan tetap maupun wirausaha. Terlebih bila keuntungan finansial itu bisa memiliki fungsi sosial, seperti membantu mereka yang kurang beruntung seperti keluarga terdekat maupun orang lain, dan/ atau untuk kepentingan umum (membantu pembangunan masjid, jembatan, jalan, dan sarana/ fasilitas umum lainnya). Kelemahan mendasar pendidikan Madrasah Aliyah menurut Choliq adalah kurang memperhatikan pendidikan sains, keterampilan dan teknologi. Banyak lulusan pendidikan Sekolah Menengah Atas (SMA)/ Madrasah Aliyah (MA) yang tidak dapat melanjutkan ke jenjang pendidikan yang lebih tinggi karena tidak lulus tes perguruan tinggi, juga lulusan perguruan tinggi yang menganggur karena belum mendapat kerja, atau karena orang tua yang kurang mampu secara finansial. Apalagi dunia kerja mensyaratkan keterampilan dalam bekerja. Kementerian Agama sebagai pembina madrasah telah mengambil dan melaksanakan berbagai kebijakan untuk mengatasi permasalahan tersebut. Salah satunya adalah dilaksanakannya program pendidikan keterampilan (vocational life skills) yang bertujuan membekali peserta didik untuk siap bekerja dan mampu menciptakan usaha sendiri (mandiri), memberi dorongan kepada mereka/ alumni dari sikap mencari kerja menjadi mencipta kerja.', 'Agama', 170500, 100, '18141.jpg'),
(107, 'Bahan Ajar Model Pendidikan Ahklak Santri Pesantren Di Kabupaten Bireuen', 'Buku ini terdiri dari beberapa bab, bab pertama akhlak dan ruang lingkupnya, bab kedua tasawuf dan ruang lingkupnya, bab ketiga akhlak manusia kepada dan akhlak manusia kepada makhluk, bab keempat akhlak guru, akhlak pelajar, bab kelima pembinaan akhlak dalam islam, bab keenam pembinaan akhlak di kalangan pelajar, bab ketujuh model pendidikan akhlak di pesantren, bab kedelapan problematika pembinaan akhlak pelajar. Adapun pengertian akhlak dalam kamus besar bahasa Indonesia, kata akhlak diartikan sebagai budi pekerti atau kelakuan (Depdikbud, 2003). Kata akhlak walaupun diambil dari bahasa Arab (yang biasa diartikan tabiat, perangai, kebiasaan) namun kata seperti itu tidak diketemukan dalam Al-Qur’an, yang ditemukan hanyalah bentuk tunggal kata tersebut yaitu khuluq yang tercantum dalam Al-Qur’an surat Al-Qalam ayat 4 sebagai konsideran pengangkatan Nabi Muhammad Saw sebagai Rasul (Quraish Shihab, 2003). Secara etimologi akhlak adalah bentuk jamak dari khuluq yang berarti budi pekerti, perangai, tingkah laku dan tabi’at. Sinonim kata akhlak adalah budi pekerti, tata krama, sopan santun, moral dan etika (Yunahar.1999). Sedangkan akhlak menurut terminologi sebagaimana di ungkapkan oleh Imam Al-Ghazali adalah sebagai berikut : akhlak adalah suatu bentuk (naluri asli) dalam jiwa seorang manusia yang dapat melahirkan suatu tindakan dan kelakuan dengan mudah dan sopan tanpa memerlukan pemikiran dan pertimbangan. Apabila naluri tersebut melahirkan suatu tindakan dan kelakuan yang baik dan terpuji menurut akal dan agama, maka disebut budi pekerti yang baik. Namun sebaliknya bila melahirkan tindakan dan kelakuan yang jahat maka disebut budi pekerti yang buruk.', 'Agama', 78000, 50, '18181.jpg'),
(108, ' Become Pemuda Super Gaul Yang Beruntung Dunia Akhirat', 'Siapa sih yang nggak pingin jadi pemuda gaul? Apa lagi gaul yang super gaul. Udah gaul, beruntung dunia akhirat lagi! Wah, siapa yang nggak mau, pasti rugi deh! Pemuda gaul yang super gaul punya trend pergaulan sendiri. Mereka adalah para pemuda yang beriman yang senantiasa menjaga diri mereka dari perkataan yang sia-sia. Mereka lebih menyukai untuk berdzikir, membaca Al Qur’an dan maknanya, membaca asmaa’ul husna, dan bershalawat kepada Nabi Muhammad SAW. Pemuda gaul yang beruntung dunia akhirat lebih memilih perkataan yang zero kesia-siaan, dari pada katakata yang kurang baik. Karena dalam perkataan yang zero kesia-siaan itu terdapat pundi-pundi manfaat dunia akhirat yang tak ternilai harganya. Untuk menjadi pemuda gaul yang super gaul dan beruntung dunia akhirat ini, ada tantangannya. Hidup menjadi lebih seru dengan tantangan, bukan? Semangat dalam jiwa muda tentu masih membara. Alangkah baiknya jika semangat itu dapat diarahkan kepada kebaikan yang memberikan keberuntungan dunia dan akhirat. Tak hanya kamu yang bisa menjadi pemuda super gaul ini, kawan. Peluang yang sama dimiliki oleh pemuda yang lain juga. Jadi, ayo berpacu! Kita berlomba-lomba dalam kebaikan (fastabikhul khoirot). Jangan kuatir, wasit dalam perlombaan ini adalah Allah. Dia Yang Maha Adil. Tak kan ada kecurangan sedikit pun dalam penilaiannya. Dia Yang Maha Mengetahui dan Maha Teliti. Tak kan ada sedikitpun proses yang terlewat dari pengawasanNya. Berbagai kebaikan yang Dia Janjikan sebagai hadiah bagi pemenang perlombaan ini pasti Dia penuhi. Dont worry!', 'Agama', 70500, 30, '18201.jpg'),
(109, 'Bekerja Dengan Iman Bekerja Mendapatkan Rezeki Tidak Sekadar Upah Atau Gaji Edisi Revisi 2019', 'Sebagai pengusaha pengelola tenaga kerja/karyawan lebih dari 15 tahun, dirasakan sangat lambatnya peningkatan kesejahteraan tenaga kerja tersebut, meskipun pemerintah telah melakukan berbagai upaya dengan tujuan peningkatan kesejahteraan tenaga kerja seperti kenaikan Standard Upah Minimum, berbagai jaminan dengan berbagai kartu dan lain sebagainya. Tenaga Kerja yang mayoritas muslim di negeri kita ini, sebenarnya mendapat jaminan kecukupan semua keperluan dari Allah swt “………………….. Barang siapa bertakwa kepada Allah niscaya Dia akan membukakan jalan keluar baginya. Dan memberinya rezekimu dari arah yang tiada disangka-sangka. Dan barangsiapa yang bertawakal kepada Allah niscaya Allah akan mencukupkan (keperluan) nya. Sesungguhnya Allah melaksanakan urusan (yang dikehendaki) Nya. Sesungguhnya Allah telah mengadakan ketentuan bagi tiap-tiap sesuatu” (QS At Thalaq 2-3) Tenaga kerja kita yang kurang lebih 60% adalah putus sekolah, lulusan SD-SLP atau yang sederajat, bekal agama mereka terbatas, saat ini sedang berkembang Majlis-majlis taklim untuk menambah ilmu agama mereka. Dalam kaitan masuk lapangan kerja diperlukan spirit of work berupa attitude dalam bekerja yang tidak diajarkan di sekolah-sekolah. Spirit of Work ini yang berupa Dedikasi, Loyalitas dan Disiplin Kerja yang ujungnya adalah Produktivitas kerja, di dalam Islam, ayat-ayat suci Al-Quran banyak memberikan panduan bagi kita bekerja, juga contoh-contoh Rasulullah sangat relevan bagi kita pekerja saat ini untuk diikuti. Sebagaimana kita ketahui daya saing pekerja kita relatif lebih rendah dari pekerja negara lain, daya saing ini bersumber dari produktivitas, yang pada dasarnya timbul karena tingginya Spirit of Work mereka. Didalam ajaran Islam, Spirit of Work menghasilkan DUA Rahmat, Pertama berupa Produktivitas yang sekaligus meningkatkan kinerja tempat kerja, yang Kedua, bekerja menjadi Ibadah bagi pekerjanya, yang bila dilakukan dengan pemahaman yang benar akan mendapatkan pemenuhan segala keperluan sesuai janji Allah dalam Ayat tersebut diatas.', 'Agama', 69000, 50, '18211.jpg'),
(110, 'Biokimia: Biomolekul dalam Perspektif Al-Qur’an', 'Ilmu biokimia merupakan hal yang pokok untuk dapat mempelajari wujud kehidupan ini. Pengetahuan biokimia, seperti pengetahuan matematika, sudah merupakan sarana yang umum bagi para peminat pada berbagai cabang ilmu, yang pada gilirannya sering memberikan sumbangan yang berarti bagi pengetahuan itu sendiri. Ilmu biokimia dapat menjelaskan asal-usul suatu bentuk. Unsur kimia penyusun dan gaya yang timbul di antara mereka menentukan susunan mikroskopik yang menentukan sifat dasar sel dan organel sel penyusunnya. Asas biokimia merupakan sarana pilihan untuk menjelaskan hal tersebut. Ilmu biokimia memberikan tentang berbagai gaya yang berperan dalam penggabungan sel. Bahasa biokimia melebur ke dalam bahasa anatomi apabila bahasannya menyangkut tingkat organisasi yang lebih kompleks. Dalam Al-Qur’an, Allah menggambarkan suatu peristiwa bagaimana bentuk manusia diciptakan. Buku ini disusun sebagai buku ajar Matakuliah Biokimia dengan sajian yang berbeda dengan buku ajar Biokimia lainnya. Dalam buku ini penulis mencoba untuk menghadirkan sisi religius Islam khususnya firman-firman Allah yang termaktub dalam ayat-ayat Al-Qur’an kaitannya dengan bahasan Biokimia yang selama ini cenderung mengesampingkan pesan-pesan Al-Qur’an yang seharusnya justru menjadi sumber ilmu dan petunjuk bagi manusia termasuk bagi para peminat Biokimia. Banyak fenomena dan peristiwa biokimia yang sebenarnya telah Allah sampaikan melalui firman-firman-Nya dalam Al-Qur’an tanpa kita sadari. Betapa besar dan agungnya Allah dengan segala ciptaan-Nya. Seluruh biomolekul penyusun makhluk hidup tunduk dan patuh terhadap hukum-hukum kimia dan fisika yang merupakan sunnah-Nya sehingga walaupun terlihat sangat rumit namun terorganisasi dengan rapih dan sempurna. Buku ini dapat bermanfaat bagi para pembaca dalam memahami biomolekul sebagai pemeran utama dalam reaksi biokimia serta menggugah untuk mengkaji Al-Qur’an lebih mendalam khususnya yang berkaitandengan bidang biokimia. Buku ini merupakan bahasan pendahuluan Biokimia yang khusus membahas biomolekul penyusun makhluk hidup. Materi metabolisme biomolekul akan dibahas pada jilid lainnya dengan tetap menghadirkan Al-Qur’an sebagai rujukannya.', 'Agama', 85000, 100, '18271.jpg'),
(111, 'Bagaimana Menghadapi Gangguan Mood Masa Nifas?', 'Buku ini terdiri dari enam bab. Bab pertama tentang pendahuluan, bab dua membahas tentang adaptasi psikologis masa nifas, bab tiga tentang perubahan mood masa nifas, bab empat tentang strategi perawatan perubahan mood melalui konseling perawatan masa nifas, bab lima tentang evidenced based practice pada perubahan mood masa nifas, dan terkahir bab enam adalah kesimpulan. Kehamilan, persalinan dan nifas merupakan peristiwa dan pengalaman penting dalam kehidupan perempuan, dan dapat mempunyai makna yang berbeda-beda bagi setiap perempuan maupun keluarganya. Bagi perempuan, peristiwa itu sangat bermakna positif dan merupakan fase transisi yang menyenangkan ke tahap baru dalam siklus kehidupannya. Akan tetapi peristiwa tersebut juga dapat menimbulkan stress hingga terjadinya kecemasan, kekecewaan dan perubahan psikologis lainnya (Rahmawat). Kelahiran bayi adalah sebuah peristiwa yang melibatkan proses fisiologis dan psikologis pada individu ibu dan keluarga. Sebagai proses fisiologis, peristiwa ini mengakhiri masa kehamilan yang telah berlangsung selama 37 – 42 minggu. Sebagai suatu proses psikologis, peristiwa ini merupakan masa transisi yang dapat menyebabkan terjadinya krisis kehidupan pada ibu dan keluarga. Kehamilan di samping memberi kebahagiaan yang luar biasa, juga sangat menekan jiwa sebagian wanita. Peran menjadi seorang ibu pada sebagian wanita saat melahirkan bayinya membuat ia merasa telah berfungsi utuh dalam menjalankan kehidupannya dan menambah rasa percaya diri di samping menjalani beberapa peran lainnya baik di dalam keluarga maupun di lingkungan sosial. Seiring dengan perubahan fisiologis yang cepat dan luas yang dialami oleh wanita setelah melahirkan maka akan terjadi pula perubahan emosional (psikologis) dengan membentuk suatu adaptasi yang cukup kompleks bagi ibu. Meskipun ayah dan anggota keluarga lainnya tidak mengalami perubahan tersebut, mereka juga harus menyesuaikan secara psikologis terhadap kehadiran bayi baru lahir. Kesejahteraan psikologis ibu itu sendiri tergantung pada besar kecilnya kebahagiaan pasangan (suami) dan anggota keluarga lainnya dalam menanggapi kelahiran bayi baru. keluarga maupun di lingkungan sosial. Asuhan keperawatan harus membantu status fisik dan psikologis', 'Piskologi', 57000, 100, '15601.jpg'),
(112, 'Dasar-Dasar Psikologi', 'Istilah psikologi telah dipergunakan secara luas di dalam kehidupan sehari-hari. Misalnya tes psikologi, psikologi sosial, psikologi industri, psikologi anak, psikologi remaja, psikologi orang dewasa, dan sebagainya. Oleh karena itu, masyarakat umum beranggapan, psikologi sama dengan ilmu jiwa. Pengertian tersebut tidak tepat, karena apa yang disebut “jiwa” adalah sesuatu yang abstrak, sehingga tidak dapat dilakukan pengukuran secara langsung terhadapnya. Sedangkan apa yang disebut dengan ilmu (science) harus diperoleh melalui prosedur atau tahapan dalam metode ilmiah. Pengetahuan secara khusus tentang “jiwa” ini dipelajari di bidang psikiatri yang merupakan cabang ilmu kedokteran, bukan dalam cabang psikologi. Pada dasarnya bahwa psikologi merupakan ilmu pengetahuan (scientific) yang berusaha mempelajari tingkah laku manusia, dalam hubungannya dengan lingkungannya. Pengertian atau definisi psikologi dapat berbeda beda, sesuai dengan tujuan, kegunaannya, dan bidang kehidupan masyarakat. Secara garis besar, psikologi mencakup 3 aspek yaitu: 1) ilmu pengetahuan (scientiific), 2) tingkah laku manusia (Behavior), dan 3) lingkungan (environment). Psikologi sebagai sebuah ilmu pengetahuan (scientific), bahwa di dalam mempelajari tingkah laku manusia, psikologi telah menggunakan metode ilmiah. Tingkah laku manusia merupakan objek pengukuran untuk memperoleh data atau informasi. Hal ini karena tingkah laku dianggap lebih nyata atau konkrit dari pada “jiwa”. Tingkah laku mencakup semua perbuatan atau gerak gerik yang dilakukan dengan anggota tubuh (berbicara, tertawa, menagis, bekerja, dlainnya) dan tingkah laku yang berupa psikis (berpikir, berkhayal, mimpi, melamun). Untuk mempelajari kejiwaan seseorang (apakah mereka seorang pemalu, pemarah, pemberani, penakut dan lainnya) kita lebih mudah mempelajari atau mengukur dari tingkah lakunya dari pada jiwanya. Tingkah laku merupakan manifestasi kondisi kejiwaan individu atau orang yang bersangkutan. Sedangkan lingkungan, adalah apa saja yang dapat kita jangkau, berupa benda hidup dan benda mati, termasuk media cetak atau elektronik, internet, dan lainnya yang mempunyai peran sangat besar dalam membentuk perilaku individu.', 'Piskologi', 73000, 80, '15641.jpg'),
(113, 'Kata yang Terucap', 'Pembaca yang budiman, seringkali kita bertanya tentang sesuatu hal apakah ini sudah benar atau masih harus disempurnakan namun tidak menemui jawabannya, hal ini terjadi karena setiap manusia yang terlahir ke dunia ini memiliki pengalaman dan ilmu pengetahuan yang berbeda di dalam menyikapinya. Pengalaman adalah guru yang terbaik yang dialami diri sendiri maupun orang lain, dan ilmu pengetahuan adalah logika berpikir yang memberikan nuansa pencerahan kepada pemiliknya untuk senantiasa mencari kebenaran dan kesempurnaan, dan kita tidak perlu takut di dalam menghadapinya karena semua Ayat-Ayat Nya telah memberikan penuntun dan petunjuk yang jelas bagaimana manusia dapat bersikap dan beribadah kepada-Nya. Di dalam buku “Kata yang Terucap” penulis mencoba untuk berbagi pengalaman dan ilmu pengetahuan tersebut yang dituangkan dalam bentuk bahasa tulis yang akan memberikan referensi ingatan yang lebih lama dan agar pembaca dapat memahaminya dengan lebih baik, penulis menyadari bahwa ingatan manusia memiliki keterbatasan berupa kemampuan berpikir, sifat lupa dan meninggal. Referensi yang penulis gunakan berasal dari koreksi dan kritisi yang penulis terima selama rentang waktu yang cukup lama di dalam menjalani kehidupan ini.', 'Piskologi', 174000, 20, '1568.jpg'),
(114, 'Landasan Bimbingan dan Konseling Islam', 'Munculnya layanan bimbingan dan konseling dalam berbagai setting kehidupan merupakan respon terhadap pentingnya memfasilitasi perkembangan konseling secara optimal. Memfasilitasi yang dimaksud adalah proses memberi berbagai kemudahan melalui pemahaman diri dan lingkungan yang tepat, pengarahan, dan pengembangan diri sesuai dengan potensi yang dimiliki. Potensi yang dimaksud adalah latent power, yakni kemampuan yang belum tampak, belum mewujud, belum menjadi perilaku nyata, atau belum menjadi prestasi. Bimbingan dan konseling merupakan salah satu cara yang dapat digunakan untuk membantu perkembangan individu. Buku Landasan Bimbingan dan Konseling dalam Islam ini dipergunakan sebagai bahan ajar Mahasiswa agar mencapai standar kompetensi yang diharapkan. Dalam buku ini diketengahkan mengenai pengertian, tujuan, fungsi dan pendekatan dalam bimbingan dan konseling serta bagaimana ruang lingkup, integrasi, filsafat, landasan dan metode bimbingan konseling dalam Islam. Kesempurnaan ajaran Islam menyimpan khazanah-khazanah berharga yang dapat digunakan untuk membantu menyelesaikan problem kehidupan manusia. Secara operasional khazanah-khazanah tersebut tertuang dalam konsep konseling Islami dan secara praktis tercermin dalam proses face to face relationship (pertemuan tatap muka) atau personal contact (kontak pribadi) antara seorang konselor professional dan berkompeten dalam bidangnya dengan seorang klien/konseli yang sedang menghadapi atau berjuang menyelesaikan kehidupannya untuk mewujudkan amanah ajaran Islam. Konseling Islam akan menjalin hubungan personal antara dua pihak manusia, satu pihak ingin memecahkan/ menyelesaikan problem kehidupannya untuk mewujudkan amanah ajaran Islam. Buku ini ditulis bermaksud ingin mengungkapkan secara teoritis landasan bimbingan dan Konseling Islam. Yang meliputi Pengertian Bimbingan dan Konseling, Tujuan dan Bimbingan Konseling, fungsi bimbingan dan Konseling, pendekatan dalam Bimbingan dan Konseling. , rmusan konseling berkarakteristik Islam, yang meliputi Pengertian Konseling Islam, Pemikiran Bimbingan dan Konseling Islam ruang lingkup Bimbingan dan Konseling islam, integrasi Bimbingan Konseling Islam dengan Ilmu Dakwah.', 'Piskologi', 68500, 100, '1572.jpg'),
(115, 'Pengembangan Kepribadian', 'Buku ini terdiri dari beberapa bab. Bab pertama berisi pendahuluan, bab dua membahas tentang kepribadian dan pengembangan diri, bab tiga tentang umpan balik, bab empat tentang etika dan pengembangan sikap positif, komunikasi dan pengungkapan diri; bab lima tentang hubungan antarpribadi Selanjutnya bab enam membahas tentang kesehatan kerja dan grooming, bab tujuh tentang menumbuhkan kepercayaan diri, bab delapan tentang perencanaan hidup dan karir, bab sembilan tentang persiapan kerja, bab sepuluh tentang sukses wawancara kerja, dan bab sebelas tentang tes psikologi dan kesiapan kerja Pengembangan kepribadian memberikan peran yang sangat besar kepada kita dalam rangka meningkatkan kualitas diri pribadi, kualitas hubungan dengan orang lain agar anda mampu berhubungan dengan lingkungan, semangat untuk selalu menaikkan kapasitas dan kualitas kepribadian kita sehari-hari, dan akan memberikan dorongan kepada kita untuk mengembangkan kepribadian ke arah yang lebih baik. Semakin baik kepribadian kita dalam memberikan pelayanan kepada orang lain maka akan memberikan peran yang semakin besar terhadap penciptaan hubungan yang baik antar individu, orang dengan organisasi, dan organisasi dengan organisasi. Pada akhirnya akan saling menguntungkan satu dengan yang lain. Meningkatnya persaingan profesionalisme dalam kancah bisnis modern dan ilmu pengetahuan yang semakin luas menuntut setiap orang memiliki kepribadian yang mantap dan rasa percaya diri yang tinggi guna menunjang keberhasilan dalam pekerjaan. Dalam pembicaraan sehari-hari sering kita jumpai beberapa ucapan-ucapan yang membuat kita menafsirkan bermacam-macam arti dan kepribadian. Menurut seorang ahli psikolog bernama Gordon Alport, menyatakan bahwa kepribadian sebagai suatu organisasi yang merupakan suatu struktur dan sekaligus proses. Jadi, kepribadian merupakan sesuatu yang dapat berubah. Secara eksplisit Alport menyebutkan, kepribadian secara teratur tumbuh dan mengalami perubahan. Horton (1982), Kepribadian adalah keseluruhan sikap, perasaan, ekspresi dan temperamen seseorang. Sikap perasaan ekspresi dan temperamen itu akan terwujud dalam tindakan seseorang jika di hadapan pada situasi tertentu. Schever dan Lamm (1998), Kepribadian sebagai keseluruhan pola sikap, kebutuhan, ciri-ciri khas dan perilaku seseorang.', 'Piskologi', 113000, 80, '15871.jpg'),
(116, 'Perkembangan Peserta Didik dan Bimbingan Belajar', 'Buku ajar Perkembangan Peserta Didik dan Bimbingan Belajar ini disusun sesuai dengan Satuan Acara Perkuliahan yang berlaku di lingkungan Fakultas Keguruan dan Ilmu Kependidikan Universitas Swadaya Gunung Jati Cirebon. Dalam buku ini diketengahkan mengenai prinsip dasar umum perilaku, perkembangan perilaku dan pribadi, konsep dasar belajar, konsep dasar mengajar, prinsip dasar bimbingan belajar, karakteristik perbedaan individu, perkembangan fisik sosial, intelektual dan bahasa. Buku ajar Perkembangan Peserta Didik dan Bimbingan Belajar ini menjelaskan tentang perilaku. Perilaku menggambarkan kecenderungan seseorang untuk bertindak, berbuat atau melakukan aktivitas dalam kehidupan sehari-hari. Konsep perilaku ini penting untuk diketahui sebagai bagian dari psikologi peserta didik. Perilaku merupakan penghayatan yang utuh dan reaksi seseorang akibat adanya rangsangan baik internal maupun eksternal yang diproses melalui kognitif, afektif dan psikomotorik.Buku ini juga menjabarkan tentang kepribadian. Kepribadian dalam bahasa Inggris “personality” berasal dari bahasa latin persona, diartikan sebuah topeng sebagai alat penutup wajah untuk menyembunyikan identitas diri pada pola perilaku individu dalam lingkungan. Faktor yang dipengaruhi hasil belajar meliputi bahan atau hal yang harus dipelajari, faktor-faktor lingkungan, instrument masukan dan kondisi individual peserta didik. Hasil belajar dalam kelas dapat diterapkan di luar kelas, jadi peserta didik dikatakan berhasil belajarnya apabila dapat mentransfer hasil belajarnya kedalam situasi yang sesungguhnya didalam masyarakat. Dan tak kurang buku ini juga membahas tentang Mengajar. Mengajar adalah proses yang kompleks, tidak hanya menyampaikan informasi dari guru ke peserta didik, tetapi harus disertai banyak kegiatan atau tindakan yang dilakukan, bila hasil belajar ingin lebih baik untuk seluruh peserta didik. Mengajar adalah segala upaya yang disengaja dalam rangka memberikan siswa terjadi proses belajar, dengan tujuan yang telah dirumuskan dengan sasaran akhir adalah peserta didik belajar. Buku ini bermanfaat bagi mahasiswa untuk dapat mencapai tujuan pendidikan dan membantu mahasiswa dalam menguasai kompetensi dalam persiapannya sebagai seorang Guru. Buku ini juga sangat bermanfaat bagi para Guru untuk menambah profesionalitasnya dalam bekerja.', 'Piskologi', 72000, 30, '1590.jpg'),
(117, 'Personality, Employee Engagement, Emotional Intellegence, Job Burnout Pendekatan dalam Melihat Tur', 'Secara garis besar, buku Personality, Employee Engagement, Emotional Intelligence, Job Burnout sebuah Pendekatan Dalam Melihat Turnover Intention membahas topik-topik yang berkaitan dengan beberapa faktor internal yang dapat mempengaruhi turnover intetion pegawai yang meliputi : personality, employee engagement, emotional intelligence, dan job burnout. Buku ini dapat digunakan khususnya bagi mahasiswa dan dosen dalam proses perkuliahan dan penelitian, serta bagi para pembaca dalam menambah wawasan mengenai ilmu perilaku organisasi dan SDM. Secara umum, perilaku organisasi memiliki dua fokus perhatian. Pertama, perilaku organisasi merupakan suatu bidang studi yang mempelajari dampak perorangan, kelompok, dan struktur pada perilaku dalam organisasi dengan maksud menerapkan pengetahuan tentang hal-hal tersebut demi peningkatan keefektifan organisasi (Robbins, 2003). Sehingga perilaku organisasi merupakan kajian terhadap apa yang dilakukan orang dalam organisasi dan bagaimana perilaku tersebut mempengaruhi kinerja organisasi tersebut. Fokus kedua adalah perilaku organisasi sebagai kajian interdisiplin ilmu tentang sikap, perilaku, dan kinerja individu dalam organisasi. Sebagai suatu kajian interdisiplin, perilaku organisasi menggunakan konsep dan teori dari disiplin ilmu yang terdiri dari ilmu psikologi, sosiologi, antropologi, ekonomi, pendidikan dan manajemen serta disiplin ilmu lainnya. Konsep dan teori-teori tersebut sangat penting bagi manajer perusahaan untuk memahami perilaku manusia dalam organisasi. Pemahaman terhadap perilaku manusia penting agar manajer mampu menerapkan pendekatan yang tepat dalam memberdayakan manusia untuk mencapai efektivitas bagi organisasi.', 'Piskologi', 59000, 80, '1592.jpg'),
(118, 'Psikologi Komunikasi', 'Ilmu Komunikasi berkaitan erat dengan ilmu yang mempelajari tingkah laku manusia, yaitu Psikologi, karena komunikasi amat erat kaitannya dengan perilaku dan pengalaman kesadaran manusia. Tujuan manusia berkomunikasi adalah untuk menghasilkan suatu tindakan komunikasi efektif, yaitu menyampaikan apa yang ada dalam pikiran komunikator, agar sama dengan apa yang dipikirkan oleh pihak komunikan. Mata kuliah ini akan memperkenalkan mahasiswa pada bagaimana psikologi juga menganalisis bagaimana sebuah stimulus bisa menimbulkan respons pada individu atau bagaimana suatu aktivitas komunikasi bisa menimbulkan suatu akibat. Psikologi berasal dari kata Yunani yaitu psyche (jiwa) dan logos (ilmu). Sebelum psikologi berdiri sebagai ilmu pengetahuan pada tahun 1879, psikologi (gejala-gejala kejiwaan) dipelajari oleh filsafat dan ilmu faal. Dalam buku Sarwono (2013:1), filsafat sudah mempelajari gejala kejiwaan sejak 500-600 tahun SM, yaitu melalui filsuf yunani kuno. Diantara para filsuf itu, Thales (624-548) yang dianggap sebagai bapak filsafat. Thales mengartikan jiwa sebagai sesuatU yang supernatural. Jadi jiwa tidak ada, karena menurut Thales yang ada di alam ini hanyalah gejala alam (natural phenomena) dan semua gejala alam berasal dari air. Sedangkan Anaximander berpendapat bahwa segala sesuatu berasal dari apeiron (tak berbatas, tak berbentuk, tak bisa mati) seperti konsep tentang Tuhan di masa munculnya nabi dan kitab-kitab suci. Thales percaya bahwa jiwa manusia itu ada. Filsuf lainnya adalah Anaximendes yang mempercayai bahwa jiwa itu ada dan berasal dari udara. Filsuf lain yang lebih konkrit memaknai jiwa adalah Empedokles dan Hipokrates. Empedokles menyatakan bahwa ada empat elemen dasar alam yaitu bumi/tanah, udara, api dan air. Analoginya ada manusia adalah tulang/otot/usus (tanah), fungsi hidup (udara), rasio (api), dan cairan tubuh (air).', 'Piskologi', 75500, 50, '15941.jpg'),
(119, 'Psikologi Pembelajaran Matematika (Melaksanakan Pembelajaran Matematika Berdasarkan Tinjauan Psikolo', 'Psikologi tidak mempelajari jiwa/mental itu secara langsung karena sifatnya yang abstrak, tetapi psikologi membatasi pada manifestasi dan ekspresi dari jiwa/mental tersebut yakni berupa tingkah laku dan proses atau kegiatannya, sehingga Psikologi dapat didefinisikan sebagai ilmu pengetahuan yang mempelajari tingkah laku dan proses mental. Secara umum psikologi adalah ilmu yang mempelajari gejala kejiwaan seseorang yang sangat penting adanya dalam proses pendidikan. Psikologi pendidikan merupakan alat dalam mencapai tujuan pendidikan yang telah ditetapkan, karena prinsip yang terkandung dalam psikologi pendidikan dapat dijadikan landasan berfikir dan bertindak dalm mengelola proses belajarmengajar, yang merupakan unsur utama dalam pelaksanaan setiap sistem pendidikan. Dalam menerapkan prinsip psikologis tersebut diperlukan adanya figur guru yang kompeten, dan guru yang kompeten adalah guru yang mampu melaksanakan profesinya secara bertanggung jawab yang mampu mengelola proses belajar-mengajar sebaik mungkin sesuai dengan prinsip-prinsip psikologi. Apa yang hendak diselidiki oleh psikologi adalah segala sesuatu yang dapat memberikan jawaban tentang apa sebenarnya manusia itu, mengapa ia berbuat/berlaku demikian, apa yang mendorongnya berbuat demikian, apa maksud dan tujuannya ia berbuat demikian (M. Ngalim Purwanto, 2010).', 'Piskologi', 95000, 100, '15981.jpg'),
(120, 'Psikologi Pendidikan', 'buku ini terdiri dari beberapa bab, bab pertama membahas tentang cara mengajar yang efektif, bab kedua tentang proses kognitif kompleks, bab ketiga tentang pelajar yang tidak biasa (exceptional, bab keempat tentang teori perkembangan anak, bab kelima tentang pendekatan behavioral dan kognitif sosial, bab keenam tentang variasi individual, bab ketujuh tentang perkembangan kognitif dan bahasa dan bab terakhir tentang pendekatan pemrosesan informasi. Pentingnya Psikologi dalam pendidikan menjadi bahasan utama yang dibahas pada buku “Psikologi Pendidikan”. Banyak orang berpendapat bahwa tujuan pendidikan dasar adalah mempersiapkan generasi muda untuk melanjutkan pendidikan ke jenjang yang lebih tinggi. Pendidikan tinggi akhirnya dimaksudkan untuk mempersiapkan para mahasiswa untuk dapat memperoleh sukses dalam karier dan kehidupan pribadi, serta mampu berpartisipasi di dalam masyarakat. Semua ini kemudian dimaksudkan untuk menjadikan negara lebih maju dari pada negara-negara yang lain. Kenyataannya banyak masyarakat yang kecewa dengan pendidikan indonesia karena tidak mendapatkan hasil pendidikannya yang diharapkan. Setelah mengecap pendidikan di Indonesia dengan mati-matian membiayai dan menempuh pendidikan tersebut, akhirnya mereka tidak mendapat kebahagiaan dan pekerjaan yang sesuai dengan pendidikannya. Terlepas siapa yang bersalah dalam hasil pendidikan di indonesia yang terpenting adalah “Bagaimana kita mengusahakan agar pendidikan berguna bagi kebahagiaan manusia, sehingga murid-murid di sekolah merasa sesuai dan tidak merasa terpisah dari masyarakat dan lingkungannya.', 'Piskologi', 70000, 20, '15991.jpg'),
(123, 'abc', 'abc', 'Agama', 12000, 12, 'aa.png'),
(124, 'qwqeq', 'eq', 'Perikanan dan Kelautan', 1231, 12, 'aa1.png');

-- --------------------------------------------------------

--
-- Struktur dari tabel `tb_invoice`
--

CREATE TABLE `tb_invoice` (
  `id` int(11) NOT NULL,
  `nama` varchar(56) NOT NULL,
  `alamat` varchar(225) NOT NULL,
  `tgl_pesan` datetime NOT NULL,
  `batas_bayar` datetime NOT NULL
) ENGINE=InnoDB DEFAULT CHARSET=utf8mb4;

--
-- Dumping data untuk tabel `tb_invoice`
--

INSERT INTO `tb_invoice` (`id`, `nama`, `alamat`, `tgl_pesan`, `batas_bayar`) VALUES
(1, 'Thegar septiawan khafli', 'sumatra barat,solok', '2020-11-20 19:53:55', '2020-11-21 19:53:55'),
(2, 'Theguh hekules', 'Solok,sumbar', '2020-11-21 09:01:03', '2020-11-22 09:01:03'),
(3, 'qweqwe', 'qwewqe', '2020-11-21 09:06:18', '2020-11-22 09:06:18'),
(4, 'sadasd12313', 'sdasdas', '2020-11-21 09:19:40', '2020-11-22 09:19:40'),
(5, 'asdsadad', '', '2020-11-22 11:36:47', '2020-11-23 11:36:47'),
(6, 'dsa', 'das', '2020-11-22 11:43:13', '2020-11-23 11:43:13'),
(7, 'dsa', 'das', '2020-11-22 11:53:05', '2020-11-23 11:53:05'),
(8, 'asdasdad', '', '2020-11-23 08:39:34', '2020-11-24 08:39:34'),
(9, 'asdasdad', '123132', '2020-11-23 08:40:11', '2020-11-24 08:40:11'),
(10, 'asdasd', 'sadasd', '2020-11-23 08:40:25', '2020-11-24 08:40:25'),
(11, 'asdasd', 'sadasd', '2020-11-23 08:41:02', '2020-11-24 08:41:02'),
(12, 'mmmmm', 'jghjgjg', '2020-11-29 20:23:15', '2020-11-30 20:23:15'),
(13, 'tyrtyrty', 'rtrytr', '2020-11-29 20:37:57', '2020-11-30 20:37:57'),
(14, 'the', 'kgjg', '2020-11-29 20:39:10', '2020-11-30 20:39:10'),
(15, 'kjhjh', '', '2020-11-29 20:44:09', '2020-11-30 20:44:09'),
(16, 'thegar', 'ihjhkjhk', '2020-11-29 20:44:37', '2020-11-30 20:44:37'),
(17, 'thegar', '12345', '2021-10-06 09:50:56', '2021-10-07 09:50:56'),
(18, 'gw nih', '12345', '2021-10-06 09:54:46', '2021-10-07 09:54:46');

-- --------------------------------------------------------

--
-- Struktur dari tabel `tb_pesanan`
--

CREATE TABLE `tb_pesanan` (
  `id_invoice` int(11) NOT NULL,
  `id_brg` int(11) NOT NULL,
  `nama_brg` varchar(50) NOT NULL,
  `jumlah` int(3) NOT NULL,
  `harga` int(10) NOT NULL,
  `pilihan` text NOT NULL,
  `id` int(30) NOT NULL
) ENGINE=InnoDB DEFAULT CHARSET=utf8mb4;

--
-- Dumping data untuk tabel `tb_pesanan`
--

INSERT INTO `tb_pesanan` (`id_invoice`, `id_brg`, `nama_brg`, `jumlah`, `harga`, `pilihan`, `id`) VALUES
(1, 3, 'hp', 1, 120000, '', 1),
(2, 3, 'hp', 1, 120000, '', 2),
(3, 6, 'Jam tanggan', 1, 120000, '', 3),
(4, 4, 'laptop.php', 2, 12344545, '', 4),
(5, 4, 'laptop.php', 2, 12344545, '', 5),
(6, 3, 'hp', 1, 120000, '', 6),
(11, 1, 'Sepatuasd', 1, 12312324, '', 7),
(12, 3, 'hp', 1, 120000, '', 8),
(13, 4, 'laptop.php', 1, 12344545, '', 9),
(14, 4, 'laptop.php', 1, 12344545, '', 10),
(15, 4, 'laptop.php', 1, 12344545, '', 11),
(16, 4, 'laptop.php', 1, 12344545, '', 12),
(17, 76, '17 Tuntunan Hidup Muslim', 1, 17, '', 13),
(18, 76, '17 Tuntunan Hidup Muslim', 1, 17, '', 14);

--
-- Trigger `tb_pesanan`
--
DELIMITER $$
CREATE TRIGGER `pesanan_penjualan` AFTER INSERT ON `tb_pesanan` FOR EACH ROW BEGIN
	UPDATE tb_barang SET stok = stok-NEW.jumlah
    WHERE id_brg = NEW.id_brg;
    END
$$
DELIMITER ;

-- --------------------------------------------------------

--
-- Struktur dari tabel `tb_user`
--

CREATE TABLE `tb_user` (
  `id` int(11) NOT NULL,
  `nama` varchar(50) NOT NULL,
  `username` varchar(50) NOT NULL,
  `password` varchar(50) NOT NULL,
  `role_id` tinyint(1) NOT NULL
) ENGINE=InnoDB DEFAULT CHARSET=utf8mb4;

--
-- Dumping data untuk tabel `tb_user`
--

INSERT INTO `tb_user` (`id`, `nama`, `username`, `password`, `role_id`) VALUES
(1, 'admin', 'admin', '123', 1);

-- --------------------------------------------------------

--
-- Struktur dari tabel `user`
--

CREATE TABLE `user` (
  `id` int(11) NOT NULL,
  `name` varchar(128) NOT NULL,
  `email` varchar(128) NOT NULL,
  `image` varchar(128) NOT NULL,
  `password` varchar(256) NOT NULL,
  `role_id` int(11) NOT NULL,
  `is_active` int(1) NOT NULL,
  `date_created` int(11) NOT NULL,
  `hobi` varchar(25) NOT NULL
) ENGINE=InnoDB DEFAULT CHARSET=utf8mb4;

--
-- Dumping data untuk tabel `user`
--

INSERT INTO `user` (`id`, `name`, `email`, `image`, `password`, `role_id`, `is_active`, `date_created`, `hobi`) VALUES
(4, 'thegar septiawan', 'septiawanthegar@gmail.com', 'default.jpg', '$2y$10$.IcDcHs64ugMBzZ4srAK1ehX.qWazA3BaYN/DOPJn60djwQi5t/om', 2, 1, 1606932771, ''),
(6, 'kurnia', '181111@gmail.com', 'default.jpg', '$2y$10$u8CoMht7KZcSvxVq0RcNh.Q9SJcJhzglReo2Eabf/XfQdbqanvcSa', 2, 1, 1609488236, ''),
(7, 'kurni', '181111015@mhs.stiki.ac.id', 'default.jpg', '$2y$10$8j4a0AIoM.sEH7/xY1/igeC30f2d3UxRUd4EN8U8BlLHfThKZKx7a', 1, 1, 1609488617, ''),
(8, 'qweq', '12345678@stiki.ac.id', 'default.jpg', '$2y$10$UZwWoSjoN5NfhPekZerWwuplUzxi1fQcmafU3ukez7brQYAIVnJJy', 2, 1, 1609985796, ''),
(9, 'dodi', '181111070@mhs.stiki.ac.id', 'default.jpg', '$2y$10$spoqc4io8OQpMfKuYgtBC.thQLOzCxvBdNQzjA2a1HnzAJgRhBiUi', 2, 1, 1610544317, 'Politik'),
(10, 'sept', 'septi@gmail.com', 'default.jpg', '$2y$10$ksdf7H.kT8oAhhVsMaLdWeHJcWSnMlq9ylKkqpoctIhu29ZDK1QBu', 4, 1, 1633488700, '');

-- --------------------------------------------------------

--
-- Struktur dari tabel `user_role`
--

CREATE TABLE `user_role` (
  `id` int(11) NOT NULL,
  `role` varchar(128) NOT NULL
) ENGINE=InnoDB DEFAULT CHARSET=utf8mb4;

--
-- Dumping data untuk tabel `user_role`
--

INSERT INTO `user_role` (`id`, `role`) VALUES
(1, 'administrator'),
(2, 'member');

--
-- Indexes for dumped tables
--

--
-- Indeks untuk tabel `flashsale`
--
ALTER TABLE `flashsale`
  ADD PRIMARY KEY (`id_brg`);

--
-- Indeks untuk tabel `populer`
--
ALTER TABLE `populer`
  ADD PRIMARY KEY (`id_brg`);

--
-- Indeks untuk tabel `tb_barang`
--
ALTER TABLE `tb_barang`
  ADD PRIMARY KEY (`id_brg`);

--
-- Indeks untuk tabel `tb_invoice`
--
ALTER TABLE `tb_invoice`
  ADD PRIMARY KEY (`id`);

--
-- Indeks untuk tabel `tb_pesanan`
--
ALTER TABLE `tb_pesanan`
  ADD PRIMARY KEY (`id`);

--
-- Indeks untuk tabel `tb_user`
--
ALTER TABLE `tb_user`
  ADD PRIMARY KEY (`id`);

--
-- Indeks untuk tabel `user`
--
ALTER TABLE `user`
  ADD PRIMARY KEY (`id`);

--
-- Indeks untuk tabel `user_role`
--
ALTER TABLE `user_role`
  ADD PRIMARY KEY (`id`);

--
-- AUTO_INCREMENT untuk tabel yang dibuang
--

--
-- AUTO_INCREMENT untuk tabel `flashsale`
--
ALTER TABLE `flashsale`
  MODIFY `id_brg` int(11) NOT NULL AUTO_INCREMENT, AUTO_INCREMENT=9;

--
-- AUTO_INCREMENT untuk tabel `populer`
--
ALTER TABLE `populer`
  MODIFY `id_brg` int(12) NOT NULL AUTO_INCREMENT, AUTO_INCREMENT=4;

--
-- AUTO_INCREMENT untuk tabel `tb_barang`
--
ALTER TABLE `tb_barang`
  MODIFY `id_brg` int(11) NOT NULL AUTO_INCREMENT, AUTO_INCREMENT=125;

--
-- AUTO_INCREMENT untuk tabel `tb_invoice`
--
ALTER TABLE `tb_invoice`
  MODIFY `id` int(11) NOT NULL AUTO_INCREMENT, AUTO_INCREMENT=19;

--
-- AUTO_INCREMENT untuk tabel `tb_pesanan`
--
ALTER TABLE `tb_pesanan`
  MODIFY `id` int(30) NOT NULL AUTO_INCREMENT, AUTO_INCREMENT=15;

--
-- AUTO_INCREMENT untuk tabel `tb_user`
--
ALTER TABLE `tb_user`
  MODIFY `id` int(11) NOT NULL AUTO_INCREMENT, AUTO_INCREMENT=2;

--
-- AUTO_INCREMENT untuk tabel `user`
--
ALTER TABLE `user`
  MODIFY `id` int(11) NOT NULL AUTO_INCREMENT, AUTO_INCREMENT=11;

--
-- AUTO_INCREMENT untuk tabel `user_role`
--
ALTER TABLE `user_role`
  MODIFY `id` int(11) NOT NULL AUTO_INCREMENT, AUTO_INCREMENT=3;
COMMIT;

/*!40101 SET CHARACTER_SET_CLIENT=@OLD_CHARACTER_SET_CLIENT */;
/*!40101 SET CHARACTER_SET_RESULTS=@OLD_CHARACTER_SET_RESULTS */;
/*!40101 SET COLLATION_CONNECTION=@OLD_COLLATION_CONNECTION */;
